6NcXXqOUOTrqoJvzzFNNB3,Noches Vacias,Karolina
0CgeqYC6ipphjyxgrs1mmZ,Les Petites Marionettes,Raffi
0gseo05ForQsYboa02I8Z5,The Little Girl From Mars,Jean-Jacques Perrey
47XYOIV7xMlGQ7sfkfw1X8,Glettinn Maninn,Halldor Waren
4czwRicqbT6JES6kIg7KUE,Ο ύμνος του ΠΑΝΑΘΗΝΑΪΚΟΥ,Λάκης Γαβαλάς
3hd9GXM0Ahb3wsyETmATPZ,Loan Er Komin,Halldor Waren
2TveUpq3W6vA1xRLpp2kpS,Les Petites Marionttes,Raffi
2zaHekOy01SuGNRgZ17asi,"Tikke, Tikke, Takk",Solveig Leithaug
5B9796p9CkG9BMDhgFZ3Rk,Alfareidin ( Stod Eg Ut I ),Halldor Waren
6SHlkNPxTA1ZlVVuAW74dY,Voluvisa,Halldor Waren
1MV6M5kHBmNMwkUbkOB9Y6,"Hæ, hó og dillidó (instrumental)",Leikhópurinn Benedikt búálfur
3rHsX3TLPYixr7eGzRlZqI,Pasito Duranguense,Montez de Durango
2axRWlDJIR8ZBRt9VVUQSN,You're The One I Need,Jimmy Cliff
7sTeQ2HYRaNvU9eOnzEg43,Poteten,Lille Persille
0Tz023PcPX4JsVFtOCU5o4,Lausavisur,Halldor Waren
6UqI7jUTznpqib3q2ZeBvr,やさしさに包まれたなら,Full Tone
0yuEjjNjfWXNLbB5cvv7yK,El gavilan,Enrique Diaz
7e3bLyrHNCBH3HnHDpca5a,La carezza della mamma,Matteo Bosi
3H5vcFvPEcYUDOiUIStLCY,侏儒之歌,羅大佑
53nhbx7yp4TJEpmMBCLWPQ,Chatter,Raymond Scott
2mvh9OOFBZ7av7EY4hF2a6,Hooked on Tragedy,Johnny Clegg
3CxkZPEfLkHephVIMeqUtq,Roaring Mary / Stormy Weather,John Doherty
1pfcUfB51ZlgHGjbxYbaLl,"Звезда по имени Солнце - Из к/ф ""Игла""",Kino
0xdrch4leuLDzDNIZPgeLd,Следы от компота,БИРТМАН
1JhFQ8L6QZxQchBa5qJrxS,Barney Theme Song,Barney
5FQ7ZbY3PMSUb2lSiHdWbu,Voy A Resucitar,Chancho Piedra
13hgvTRvAXCjcv97LpjDOg,Gonna Get Your Love - Extended Cut,"S-SENSE, Jenny B"
3sDYZCMwl8rH6uYvI5R5CI,La Basurita,Banda El Recodo
19cxSMGYHp1h7D2tb16AWI,Hombre Solitario,Ilegales
2IQNiCvRnwTmd2Ddo2QR5Q,Ojitos Verdes,La Arrolladora Banda El Limón De Rene Camacho
6eIRfYN8H61C93XlWMXD0A,Szajber gyerek,Little Cow - kistehen
3BhBx8IT6Q6SRx3BTl1RjW,Wanna Be Up,Chantoozies
3M3ZdR9CMhHWTfQxfKuAnP,"Violin Partita No. 3 in E Major, BWV 1006: VI. Gigue (Live)","Johann Sebastian Bach, Jascha Heifetz"
2bGFugheatfbmnAjSXI6y7,Det sa bom,Schytts
4tq7Q9bTkLqzXNUi8PVmk2,Puisorul cafeniu,Malina Olinescu
5J8s6ENtH0HUCnsZt2sXUS,"Tannpían og raunir, túkall",Gísli Rúnar
344ZUVDpzJtwhmnqZPnPAU,Hull a szilva a fáról (népdal),Zene Ovi
6KlCtxKlSBye2SEzIcieyF,Palamakia Paixete,Zouzounia
0AjdvWoggxCHnWnj9Enz4C,Hey-Mann Polka,Zillertaler Schürzenjäger
2YTOc6Oms10NtnDj58hU8x,Sabor a Durazno,Acapulco Tropical
4Yp4T0IyoShEchYulWX54d,Звезда по имени Солнце,Kino
0EiEhpaIuBKo1xWJ0LSTaA,Uatun polkka,Veikko Sato
0IlyUsxW4D1qUtMPa6OZ4f,שמחה רבה,Zehavit
1ZXA8CJDBARXZn5a8F8Ysc,El Coyote,Ramon Ayala Y Sus Bravos Del Norte
1K2a2FNsthUSXu3ujJDO56,Sasakyan Kita,Glady's and the Boxers
1cmSizxgLDaGGFriwGzUEM,El Sube Y Baja,Montez de Durango
4kSVyupYtTx8SshfqG8TGd,Söngur dýranna í Týról,Sveppi
1h4rkW5vlG8JnvEUeIBoXl,It's The Same Old Song - Single Version / Mono,Four Tops
0U7gPLWG4TZojn5KcL8hdr,"Anna kulta, anna - Hands Up",Mona Carita
2adrPJrOXfOEcD1bXlDzbz,"Anna kulta, anna - Hands Up",Mona Carita
1ocfvLewjHEKDQyRbKRfpZ,Me Enamoré,Teresin Jaen
7kbLX2RNHwByNc6RnFLIm7,Aspra Tha Foreso,Giannis Kalatzis
1S6rSlrHMUQEgyI43PnOkF,Welcome To The Monkey House,The Dandy Warhols
7yP5T4hXRXLgO83Dnx6GtE,El Ratón Japonés,Canticuentos
0riLZYUiWLrxlb4VqKU3il,Hey-Mann-Polka,Zillertaler Schürzenjäger
7HziuBmnTeVJ4y0exB5VXc,Playa Blanca,Afric Simone
2dT24l8XpJpRd9i6pxQbyP,אחלה בחלה,HaDorbanim
57Zw8PO5QppSaOjq6Qqxvq,Oskasteinar ( Fann Eg a Fjalli ),Halldor Waren
3I27f71VwlMVPe6wqAXPew,Apagame La Vela,Billo's Caracas Boys Vs. Los Melódicos
1Zyf8B3ChljGWYFJG6vfNW,Hands Up,Ottawan
4OVBoIEwhPQnpUvmIpoYo5,หลังคาแดง,อ๊อด โอภาส ทศพร
4syrNLUiHnhf2QbcOfp5t1,Position N2,Kay Metov
4stl58kTet0Jj6fvzWUa4h,Un Solo Cielo,Banda Sinaloense Los Recoditos
3dG8194SYzTIRrBLhOeEYZ,Náš Brok,"Mária Podhradská, Richard Čanaky, Spievankovo"
48r4DkjiwMi8dh6lOYzvXQ,Paschater Zwoaschritt,Tiroler Landestrachtenverband
1vBUTTQcHZIrxnVhpevukG,El Cucayo,"Pedro Laza, Sus Pelayeros"
0ozqM2btn3Tim6Sr0hXZBP,Krummavisur (Krummi Svaf í Klettagja ),Halldor Waren
5vPs4SzqY50SpASVQ8Ez9s,Los Viejitos,Banda El Recodo
0tdp4VxzMLb9Rvll8IPFpE,"Il court, il court le furet",Clémentine
5uGD6j2Oyl56BO8JZfNbsA,三隻小豬,銀河小歌星
438LdN72OnqCv46ZzHtcwC,Ojos Negros,El Coyote Y Su Banda Tierra Santa
66H4sbZLndpYFX1GsG1hiM,Monica Soñadora,Atención Atención
4o6N0lc7JaVxoFVYXdiHYi,Seksuāli Čiekuri,"Prāta Vētra, Arturs Skrastins, Gundars Āboliņš, Jānis Reinis, Harijs Spanovskis"
1AqoGZTZ7ZQmkvhkCg0A1e,Desafio Do Grenal,"Teixeirinha, Mary Terezinha"
44TdLTqPnVDFuwwC0qZBFG,Rock del Pedazo,Ratones Paranoicos
7u7mXkCAq3gExmPXsk435O,Tu Nuevo Cariñito,La Arrolladora Banda El Limón De Rene Camacho
3a1dl2rhh2mh5lUL1vnY4N,Los Amores del Muneco,Beto Quintanilla
3X6vUleOPDVLUx9Z59Okil,Stau Ca Vulturul Pe Stanca,Sorinel Pustiu
3mFc7qzrrAV65AcXv5ASEh,La Charrita,Los Rurales De Gilberto Parra
3GixNX2FiTaGrqT2SHtyu7,Á hverju kvöldi,Björgvin Halldórsson
5MRelkZAqB0SrxUtZmexQo,Rock del Pedazo,Ratones Paranoicos
6NVWIns45O6g7IHU2q0fVX,Recordando Mi Niñez,Jorge Oñate
3Tr0WqWjZps9CxabYj7hUa,Señora Tristeza,"Diomedes Diaz, Colacho Mendoza"
12eyGVKbaSmXBvIk94Rrf6,Duestien barnehage,"Tone Johnsen, Majorstuen barne- og ungdomskor"
3xx3r77VjRihJYcTFoSSmx,Si Tú Me Lo Das,Shainy El Brillante
5kl4yxpDm5GzeOHda52bN9,Banana Joe,Olimpio
4w6wvnlShlJynCQBcmG2Gi,Pressure Drop,Robert Palmer
2KzPgCXZr2fiJKOyAUqRUu,Let's Do Rock Steady,The Bodysnatchers
1DciZu7Te2fWdkTQmnJLsk,El Tren de las 5,Atención Atención
3qIaRE9fcr5n6LhX5IJGmT,Sofdu Unga Astin Min,Halldor Waren
0MMxQds9WTR9OSqrCCY7Mg,愛的初體驗,Zhang Zhen Yue
4JR9CJfGko8dW4y8M2nMku,Stoccolma,Rino Gaetano
1FBGuoEdaEbnYtEJLAU9Uc,Stoccolma,Rino Gaetano
2Xw4JTHFA0rOBj5TJE0D3N,Karjalan poikia,Ikaalisten harmonikkamiehet
2Wjbylrx55jO1qRtYUzI9L,במדינת הגמדים,Uzi Hitman
7yrRyqD3a0rSK1oAzE0uo2,Piuí Piuí Piuí,Eliana
72tYGwaFYs1EsBCErIR4nR,Lara Croft,Horkýže Slíže
07Ag8vm1pW409NrhpPokFg,El Tucanazo,Los Tucanes De Tijuana
0xNiWykjRtWes7gbkX3S7x,Säkkijärven polkka,"Jorma Ikävalko, Pirteät Pelimannit"
3DXqK80vWl6yjDmfX3bmWy,What's Your Name?,Depeche Mode
5lwBQu9iHUKVQ78hFFb9ZY,De Un Rancho a Otro,Banda El Recodo
0hqxFpVXn9sEbwD5QbZeWd,La Segunda De Rosales,Los Rurales De Gilberto Parra
0byVagxG4X0vUxpnbZGfDD,Ik Heb 'N Hart Zo Groot Als 'N Klerenkast,De Four Tak
2uICvrN0pWeUk1FAK5Y3PB,Bien Enorqueteao,Monchito Merlo
2YTYSCrmn7DAKzLTiPO4w4,I'm Gonna Knock on Your Door - Original Recording Remastered,Eddie Hodges
0Me35xADwe2BT5xjSyapdU,El Dragón de Cartagena,Canticuentos
4fkOQFqjjd3x1l8Xztre2t,Biquini De Bolinha Amarelinha Tão Pequenininho,Blitz
2O4VB1ApDwdd4Sd9hAPXmu,Onnellinen Hetki Elämässä,Eppu Normaali
1XjAEQjtF2TNS4XyRKWjRA,Малыш,Glukoza
087WRfq80LV0ZdyxPu83PL,Me Gusta Hacerte El Amor,Tormenta Band
3ibR3fiO0okIyc0lCqULHX,Feliz Feliz,Mi Banda El Mexicano
0JZV1UuBsbSwHhGirgWaXI,Feliz Feliz,Mi Banda El Mexicano
3YCn0zVYtv5rUhuSZjLj5n,真善美,銀河小歌星
2d6IJ7neV46qj1Oj0lL3bE,Her Vil Jeg Tegne Ottetaller,Nyborg Jensen Pigerne
3qNDJmp8XB5EUeGVW6rLSV,Super Gut,Mo-Do
1qnP71VDNO56fadrNTAvTc,Five Little Ducks Went Swimming One Day,The Paul O'Brien All Stars Band
5E7SGvx7my24Yv5CVmXOQq,Oles Nye Autobil,Ole Steens Børn
7okdxzAi8TLL6jpzVUbFt7,La moara,Mihaela Radulescu
7uAhjiCTarBMLWLaO7q4xh,Peanuts,Herb Alpert & The Tijuana Brass
5PGbQgXt8bgXceoK3yZvYo,La Recia,Los Dareyes De La Sierra
4TmuYSQLrJS04rN5zglfhP,Tommelfinger Hvor Er Du,"Anne Brændeland, Camilla Trøen"
1A9vcyeCRp4PI6Sw6CvqsV,Solen lyser även på mig - Insp. 1977,Eddie Meduza
56ztKm9mnRxqrAMEtfE07J,Como El Primer Día,Banda El Recodo
4fo5uMhEhxZXntgKgqE0WT,Eimaste Dyo,"Mikis Theodorakis, Antonis Kalogiannis"
5nCtJujSCyszBOoCcezvxR,Chatty Chatty,Toots & The Maytals
0aa96yIuCju4ilhAOwssYx,El Gato Martínez,Canticuentos
5IDGj9qW4OZyN8HivvzKs0,Certificate,Ryan
6xF04SeFX25eXWnkugzUqF,Romaria,Jáfu'Mega
6JD627WDQXUpPYWqDLE3qg,School Is Over,På Slaget 12
2RYaKHOQLtcRKvUV6yOs7k,Doua ratuste si-o babusca,Teo Trandafir
10sZornAXa1nkS2uWGrIDb,Que Te Quiero,Katrina & The Waves
104qBjpWICpZpvLwQ4cHCy,瑪麗有隻小綿羊,銀河小歌星
7g9AOwPEt1zWoxV2ZyQ57m,Soy Cómo Quiero Ser,Joan Sebastian
1mwP8pRpxem5hPpRBinIX2,Um Gajo Muita Fixe,Ena Pá 2000
091YUzmywPSrzfcfVLexPn,Das Schöne Mädchen Von Seite 1,Howard Carpendale
2kY19ilrpQHJU7BJ75gxBQ,Erla Goda Erla,Halldor Waren
7uSBKrLRJBMS8cztpPzKP5,El Pavido Navido,El Palomo Y El Gorrion
3YhQ8oWQgkqKC3uangrxVx,במדינת הגמדים,Ruchama Raz
3ko3uNu5kmb5Y7p7f1HYLI,Liever Dan Lief - Rapversie,"Gers Pardoel, Doe Maar"
1TvMFL1u1VQkOJJwsud4jt,Kan Du Huske,Thomas Helmig
5E78vp9RaU7pdDhpX4fMxP,Bayuhan (Pounding Rice),Juan Silos Jr. & Rondalla
7tEbv0PMX5yCsQLDF4mxDi,I'm Your Gummibear,Gummibär
4pBSj32cmoESOE2np5lKmQ,La Carta N°3 - 1986 Digital Remaster,Los Hermanos Bustos
2ghhGdtyLNwSRCFlsQq4aZ,Pulling The Radish – Ba Luo Bo,A Little Mandarin
0m0k8WkLQfgQFWrqme1mZ3,Amazoniaque,Yves Simon
6nFYXpBgrNcZjbtNEuc6yR,I Am Your Gummy Bear (The Gummy Bear Song),Gummibär
7uZVqY5t56fNveg9w1bvhs,Krummi Krunkar Uti,Halldor Waren
2Koo7oecwZjyWY3ZA94C9Y,Piger der er ude på ballade,Onkel Reje
2JxdxcE9CAZRz6S21I80Ru,Lambret twist,Quartetto Cetra
62fsCUixQtDIBxxr9GSdrE,Daca Vesel Se Traieste,CanteceGradinita
6h3CzKxOHQlJPqOc1OXiYZ,Maggan,Schytts
4H345D3H438ljRPHbYSC2d,Je Tu Les,Petr Skoumal
6ZMQ6kKshuMLWrYk37KBmX,Enchanted - 2016 Remaster,Stevie Nicks
2JIiwpNdy9WDCOk7wTEU8T,Analista,Kelly Key
6Hve2vDZaP9pDUwi4eVsJz,Gutta snakker - 1991 Remastered Version,Jahn Teigen
0iKb6myCJcVCiE7JQXKtKi,Когда помрешь,Sektor Gaza
1jxmeRyI36kqk3eLErFkWy,Hepokatti,Tapio Rautavaara
6Zh1y96Ufh9dvblHzxGZOk,微笑,銀河小歌星
7Bz8yww6UMbTgTVLG6zbI4,Low Rider,War
4Nb84MeZwycwwtId1YHSdt,Henk Is Enne Lollige Vent (edit),Rowwen Hèze
3j62V6r9J3Juks6CrHAP4M,Mina de Hierba,Beto Quintanilla
48YZhmKL3aZKhQUfpvkelu,Burning Up,Madonna
0NjXS4VFF7OVLRhSAXMUJV,Burning Up,Madonna
3CRipEWA1ugprjQ4Cvl9SY,Binasuan,Juan Silos Jr. & His Rondalla
57zPqflrwhsOrf0HTM0BHV,El Alto Del Rosario,Jorge Oñate
6wqarga28xP6wK7Q9znGO7,Mecburen,MFÖ
0jKII5wudZf7RMGhXHO0eq,Likainen tusina,"Tuomari Nurmio, Köyhien Ystävät"
1DisaVvPI1t6aN4ftaOJJN,Las Dos Hectáreas,Banda El Recodo
3DjKRZ4Ktw6jBFBpl9b5Om,Fætter Mikkel,"Grethe Mogensen, Dragørbørnene"
2SMpYCnyDpDJvw7wCQR5HL,Штурмбаннфюрер,Черный Лукич
1hcflwXQVjbzn5cVYQUeZC,くわえたばこのブルース,Jitterin' Jinn
3u5ySLy0QEfyKgQkTZF6Ki,Pamela,Vhong Navarro
2RR3CE5aYfEozgJgUbfNO5,Psotny Wiatr,Akcent
1a1cllpvyKtsaKX7ltY4qZ,על גדות הוולגה,ליאור ייני
4t7e5GkDVVouoSWn77o1fR,Cielo,Teresin Jaen & Su Conjunto Alma Interiorana
6fPsTZl0c7IBTMcIGQAhvC,Tarantella siciliana,"Pino Villa, Gian Campione"
002TGKi4LBwxYodlfWoaN0,Cunnamulla Fella - 1998 Remaster,Slim Dusty
6BqdNDLZ3Pdcly46pu6nwj,I Am A Gummy Bear - The Gummy Bear Song,Gummy Bear
0wKeqZMEZv71san5KQWoA4,Влюблённый самолёт,Лариса Черникова
2EISedV2npKMtvygkykV2r,Pressure Drop,Toots & The Maytals
37E0vbbAOX0Y0vsnMOOKtA,Getoor,Fredi Nest
5vjzeMxTQJu6QGHCyIlc2x,Los Sonidos,Atención Atención
72kj4QzgGOxcDfYUEQu12X,Peanuts,Herb Alpert & The Tijuana Brass
76lLJ97z6rhrJQDybjeaD1,Sun Flower - Swedish Version,Streaplers
2TdhHtNXvGwbVSkZSQ5Olt,Simon Says,1910 Fruitgum Company
6DCWAEEAebggXYrqBCvCiX,La Vista De Luna,Sandra
3fN7Ud1HNchbNW407IgWs8,Adorable Mentirosa,Juan Gabriel
6vBXZzUuaUatVmAQL1NV75,Bræður tveir,"Leikhópurinn Karíus, Baktus"
5QFRlMzrZxYciqiIZlBAjJ,Házasodik A Tücsök,Zene Ovi
1w0Fjd21StGUAOeaIbvmZ2,Oh Carol,Banda Sinaloense Los Recoditos
6HY0as2RwgCythApdUua8R,Bi Bi Og Blaka,Halldor Waren
02rNq7LXf0GHgGwoOiJbkG,Die Zeit,EAV (Erste Allgemeine Verunsicherung)
2S2l36dCq2PP88ASyocwj7,Aborrezco,El Patrón De Durango
7uZF6CYmfNQ2lqRYqDhSdc,Stasera mi butto,Rocky Roberts
3OzidubrafPqdgTCS3Jac7,"Violin Partita No. 3 in E Major, BWV 1006: III. Gavotte en rondeau (Live)","Johann Sebastian Bach, Jascha Heifetz"
2SvxRZnbMEJbcJPKEsda0s,Boven Op De Berg (Dwergenlied),Double DJ's
48XvS61X0t2uoA3LTLNSvz,Vogguvísa ( Illa Dreymir ),Halldor Waren
4zzXnAXdU0ilshAdLgyYBT,The Little Ships,Jean-Jacques Perrey
1HQ1YpZtdz6TxM1zYJ9BSc,כושי כלב קט,Dalia Fridland
3VzV1y3nGqYzgXuaNLYECn,Gianna,Rino Gaetano
4J6nEGiJaVZdRqqrmRIZjB,Sweet Little Baby,Ding Dong Box
0TPywVMcIcxT5UrKMVV8Nr,Am I in Love,Kon Kan
6vpRZvIcxs2pOnAitn5nk5,Laissez-moi tranquille,Serge Gainsbourg
3WwQcmjkY6LB68y8JRH6fE,El Cantor De Fonseca,Jorge Oñate
6KHHFJARqCRhevKe3ozHct,Muchachita De Ojos Claros,Joan Sebastian
5qiRgASatJJCWMfAfTglMM,Stora djupa fittor,Eddie Meduza
1camCZXhYzMPgaeErfu2YT,It's My Life - Remix,Dr. Alban
01hbkBDDZrhBnfQHR2mxh4,Mac Ratoiul,Malina Olinescu
6aR9SpkUhO0I7Bdeq4Xiyr,EL Periquero,El As De La Sierra
5zOosTfqEH1HnNaQLyxq6e,"Goldberg Variations, BVW 988 with 30 Variations: Variatio 1 a 1 Clav.","Johann Sebastian Bach, Glenn Gould"
3nPWVglt7hUQxeErVfKjC5,Don't Turn Around,Eddie Meduza
4UIgfmTm68PMwsWhj1gsTD,Maistjarnan,Halldor Waren
29FZz0F17tJB0J9jWJfPd1,אני מנגן,Ofra Haza
2yBVeksU2EtrPJbTu4ZslK,What a Fool Believes,The Doobie Brothers
27md7isxhLB0jZiGDjyKNb,Childhood,Yuri Shatunov
4QwWfAfLNFMeSyfN2udORE,Un Milion De Bulgaroaice,"Liviu Guta, Various Artists"
1xBfCFArvxaTNQR3YND8jL,One of These Days - 2008 Remaster,The Swinging Blue Jeans
4LEZGxgtNtnILHuHmwZLJ6,Che La Luna,Louis Prima
1lBnOCmKx7JSpxMpZauJsU,Moneda Sin Valor,Los Alegres De Teran
1tNwzJ3RUncs0QSPwcu9xe,Óli skans,Grettir Björnsson
0ceglkCJQa9aUHOC3kVOdL,Fingrapolki,Grettir Björnsson
0zZGT3lQOqqlp1vxgit8wR,Bábu vagy,KFT
5UwpfC4mDEpVGnbF1OLsv0,Maria Copacabanasta,Ryhmä Tapiolan Yhteiskoulun oppilaita
0NEVB0wDQwxnpiZOoqcLJi,Keep a knockin',The Everly Brothers
3lGbOPJo60Evft3ZiBT2Vt,Eins Zwei Polizei - Club Mix,Mo-Do
0E8DRquN2XuNEcsoLtdZuM,Cry Myself To Sleep,The Hawaiians
0gBOCtLsNWd7K1Pouubi1e,La Noche Que Chicago Murió,Los Superclasicos
0Kq767bcSdi2VKJsIzAfb9,Esa Chica Me Vacila,Banda Boom
0hPuVS15Qo80eF5a87MSOz,Bemdinat Hagamadim,"Arik Einstein, Shemi Levy"
1XUWW5cGQDq4ge3rDanqJI,Festival en Guarare,Dorindo Cárdenas
2To7wTgcG25qrv00LBHg4f,Watchin' U,Ardijah
1yrTD1lcpJRt4IXCKfiH5q,Llegaste A Mí,Silvio Brito
18EbCPoindBSzKOPT3hOvT,大公雞,"吳爾笠, 楊仲豪, 蔡榮吉, 許鈺珮"
6uuPyPzf1xEPR8WxRZ3Hv7,Bile 'Em Cabbage Down,George Bruns
5TZ6FUH7xm2jzF0Vjqs7pe,"French Suite No. 4 in E-Flat Major, BWV 815: IV. Menuett, BWV 815a","Johann Sebastian Bach, Glenn Gould"
2160U4aKNhiDSpZeX7CP3R,Sailor On The Rock,Barney McKenna
5DBbLnpudojxfO6alK53rV,Nimma,DeSchoWieda
2sj4SWXY7ZxYuoudJ4q9Vu,I'm Gonna Knock On Your Door,New Jordal Swingers
0L4vmScNY27vSCqU51jYQv,Kjell Pell Pottitskrell,Terje Formoe
0jdpQ79OuiyBmzTzVSuekH,Las Alforjas,Los Mochicas
7tGHNWy0AakpoO3AO9bp5c,Texas Twist,Roy Clark
1r6YNQHQ4X8MAFb5EobsNA,Fuente Vallenata,Teresin Jaen & Su Conjunto Alma Interiorana
1XA6dzsVMjW8DHpEdrKiMw,Presentimiento,"Emilio Oviedo, Rafael Orozco"
0uj2KursoBcsfjHLl1QzWA,Selim Alai,The Devil's Anvil
35y7OxtEAxlWBiU23h58Dq,How Do I Let Go,"Dennis Ferrer, K.T. Brooks"
2ja9jTAc3OBo9meeXmqpUC,Quem é do Mar Não Enjoa,Martinho Da Vila
1i1ngAoxKwDK8gmJfHz33p,s'alt Örgeli,Rees Gwerder
5pYbvHO5vdAJWNp4folm6I,Dr Wecker,Mani Matter
0udLP23tFSnx6yTV7kyWMb,Randy Lynn Rag,Flatt & Scruggs
4cHFwZgRYdwkJ3oXA28K36,"Camion, ça fait prout",Henri Dès
79LzpawHikMFyEDQ3O3fuy,Moje milé premilené jahody,"Mária Podhradská, Richard Čanaky, Spievankovo"
4AseNmng5w3CwX3cA8Csk6,"French Suite No. 6 in E Major, BWV 817: VIII. Gigue","Johann Sebastian Bach, Glenn Gould"
3d0wsenqqEGpx0h8RBRsiW,Karlsborgsvisan (En visa vill jag sjunga som handlar om Karlsborg),Hootenanny Singers
5IIwfioAOLmPFkD6ESOmvJ,Simon Says,1910 Fruitgum Company
7nRlICV0rTFkmCNIKGmTrN,Nido De Amor,"Jorge Oñate, Raul Martinez"
5J70RCmSNyzhmBMtSvOr7i,Мечта (Море пива),Дюна
4zzzF7zWzwJ0XrxPhJJlOX,Two of Us,Boney M.
6fFUkbOKum36LZgVeeAw89,Rub a dub,Tonton David
3IlSWoMAxgr583Ng6LA65c,It's in the bag,Melrose
3bewj4MHvTkWrCirslwXVV,Mon Du Bemærket Har?,"Grethe Mogensen, Dragørbørnene"
6LlvAgzOLrtfKNXNrLAdsZ,I'm Gonna Knock On Your Door,"Kikki Danielsson, Roosarna"
3M7WBL64QOmuPiPjhySCJW,Sergio el Bailador,Bronco
5PgBfvyJOpcf9zmPJ3nH7w,Hijos de Su Santa Madre,Los Razos
7nl4tk2LHb11EjPcc7da56,Bachata En Navidad,"La Sonora Matancera, Celia Cruz"
4OqZCh69iXLrMOuBRuuwzw,Gamla polare,Sven-Ingvars
6KNv56sTi7gfuX3c8QmWS3,Krisistijd (Heigh-Ho),De Strangers
6uylkDMA9lLpYdJvzNdizu,The Mighty Ship,The Housemartins
2rPbkr5Y83bR3WPscwJU2O,Mi Ranchito,El Coyote Y Su Banda Tierra Santa
1waimzsodMcaiSyOjNIrba,Jói útherji,Ómar Ragnarsson
1HSg2X0kIOCyjtaGarkuGy,Den Pernas Kyra Maria,Zouzounia
7cfILJJHW9ZSkbM2ywLhiN,Pressure Drop,Toots & The Maytals
7HJDvLtKlv86vFBH8jJvyj,Witch Doctor,"Jerry Ash, Ed C. Bruno"
60mL3bfEXtRek2SdR4Lwmj,Suomalainen polkka,Esko Könönen
78gWMNi0b8lgSgVe0U0AMX,House of Fun - 2000 Remastered Version,Madness
6DggaGcoLrakPt0ZMXLrcO,Eh Toto,Boby Lapointe
1sx8SOcfYPlamADjK0PqF6,Pelo Interfone,Ritchie
19oOBnPJFgtlRjvfO2ES3O,Adalita,Trini Lopez
5M7dFaYVjEoDZHECrrOeKq,Guiri Up,Ruben Sam
3DM0kB9SngvNVCokzEX843,マルコとジーナのテーマ - 紅の豚より,オルゴールの世界
1sXSYfdsoFCREjUqkb5cID,Juana Chismosa,Los Cometas
5coPwNRFIF2jCQN6G3zdgT,Que La Dejen Ir Al Baile,Los Invasores De Nuevo León
6wTN430B2eOeD9QmUjzHc5,Снежен човек,"детска вокална група ""Морски песъчинки"""
3t4opRJrIQL6rScwslDEPa,Bridge to Your Heart,Wax
0FcI1Vi9LA9Zm7D6geGaam,Kötukvæði,"Örvar Kristjánsson, Grímur Sigurðsson"
1MKnfNlq3y4cXefcwGZrAL,Casa,Maxi4000
0RyoXX66b8GCfsLw8fiZoy,La Maricutana,R Reyes Alfau
0asQ8ZHReWU3qcrjZ2IKmk,Hali Gali,"Orchestra Balkanton, Lili Ivanova"
5oIZEy6kNBEJnduy51ODeJ,Ya lo pensé,Banda Machos
1w3Dy8URb9PRc00QeXfMAX,Mi Biografia,"Diomedes Diaz, Ivan Zuleta"
5GYV9nwE1hFyOVLafYPOlu,Skósmíðapolki (Fyrst á réttunni),Grettir Björnsson
2FzdFjiwYvKsRLDmrgKUE0,Sun Moon and Star,The Maytals
5TlTolVaNoXFGNZDI9kxCE,Línudans með Línu,"Geirmundur Valtýsson, Snörurnar"
0zZfsoYKedT4GBKcmujjZo,Στα Γιάννενα στα Δέρβαινα,Μιχάλης Καλέργης
5ER5kk7jPl9VLMPthPQ19Y,Jedwab,Jacek Stachursky
4yHq1fsp9vhX1T34zoHnAu,Satin Sheets,The Bellamy Brothers
1gZU172MXzADHZfAear3rl,Gonna Romp and Stomp,Slim Rhodes
0HTSQJ2OzY8eCFOcsFsQ6l,Ymnos Tou EAM (Tria Grammata) - Chorus,"Maria Dimitriadi, Afroditi Manou"
40RMxh8iEar29PvGI1k9n3,Drag mi-e jocul romanesc,Loredana
4Kt9ktbH1rLPGSfc8YXpfr,Counterlight,1986 Omega Tribe
4bbgGODjQQbmTuROuclcUH,Ajustes Inzunza,Calibre 50
013zOZo8nMHxNjlNAY0JNs,Carolina,Leevi and the leavings
722wzvlKS6YgdLwzHL7qoN,La Zopilota,Banda Movil
1Od9dEEcvuwoEO3i492zCw,Τσεσμές,Ορχήστρα Γεωργίου Μέγα
7eZAVu7aU4gxDWfwqrAd4Q,Quiero Que Sepas,Los Caminantes
5Hmyf15az2hddWIv4eINmu,Jessica,Wolfgang Petry
1Gyg2nuMx1PdJIQY6tfuCL,Nú gaman gaman er,Söngfuglarnir
439GHUKmt0hazy3DKofcJB,Yo Conozco a Claudia,Noel Petro
64oj7VCPbElKrfnYjtnkWH,Fiskisaga,"Dúmbó og Steini, Steini"
7GCu0T14Wi946kWSpapPMM,The Children's Marching Song,The Children's Chorus
602q3JLbrpfqIzpS7Wycqf,Voulez Vous Danser,Ricchi E Poveri
7b21tasYflHApqfgpzz3hy,Bilang I Love You,Souljah
3qtsVB90KMoccHtSCbAHOE,Al gato y al ratón,Banda Machos
6FTRXvai1iJ0mEkcJJOxsd,Al gato y al ratón,Banda Machos
3b75NDrKKGiySbcLLK3mHG,La Banda Dominguera,Control
0T0YTOJAMJlqg5vr0Dhhb5,Agora Eu Sei,Roberto Villar
6NoJmVIEcAvKd44HVnfzYd,The Hippy Hippy Shake - 2008 Remaster,The Swinging Blue Jeans
7xwYJuQaNzwqAXnbce1doD,Pressure Drop,Toots & The Maytals
1QChfEMzGMwDIV2e4l5HBf,יש לי גלידה,Uzi Hitman
149wEUlVrX56Zf9zVxGBJk,Honky Tonk Women - Live,Ike & Tina Turner
4S5R1hb0nr6djXcAL71LlI,Arrepentimiento,Binomio de Oro
6U9qSOT4uRusgbHls79Ngi,Gotta Go Home,Boney M.
6dFNtHwHflndiEFC2deDS8,Savon poeka,Veikko Sato
4c3IET09aG1GYqDiLxd2AP,Forró em Campina,Jackson Do Pandeiro
6d9yWJfmbePQF9d46umxVe,大象玩皮球,"吳爾笠, 楊仲豪, 蔡榮吉, 許鈺珮"
2Av3o4sAszUWUS6WAEsXij,Que A Toda Madre (Que A Todo Dar),Banda Los Recoditos
5bKcglYd7FTZwy1B82XrUg,Posaunenkönig - Instrumental,Kern Buam
05rcBgPEX4kK71UrlYhoiS,Yellow Gal,Lead Belly
58w6QlY0u0Eq4G9N4STS0j,Iepurasi,Anca Turcasiu
3T0nzyk0aQslbf47407bP8,Ensimmäinen Emmentaalinautti,Rolli
0jhNbf1QlcgCv3GUExrcvk,Lille pige,Kim Larsen
5NkoXgTkeiCPxkoHjo7jTa,王老先生有塊地,兒童合唱
1p6gn7tAsYb94lo3UP1h6Y,不如歸去,傻瓜樂團
69O3Bdh6vBYY3cN3BwTH2Y,La Prietita Que Yo Quiero,Joan Sebastian
59dYdMeqhN9OIXqLiwTt0M,Let's Go Trippin' - Bonus Track,Dick Dale and his Del-Tones
24Y21rYK3tNZshiQgRBGOQ,Bailamos Tia,Ramon Ayala Y Sus Bravos Del Norte
1HkQYQyt8Pufc7HK5Jb9Gh,3e sexe,Indochine
0qCLQ6gNLruIT9gwA39H6I,Spring Song with Banjo,Charlie Chaplin
7LRtI57vSpNmLF1PH0OyeC,A Mi Ranchito,Victorio Vergara
7CDMQcbQNSOgSlOtKocafK,La Negra Catalina,Mexicano
6hx6RoOaOTp0WyMKSYEpJm,Дальше действовать будем мы,Kino
2VsI33ZjR0UjL1HznDtm2q,At the Bazaar,Max Steiner
4njLnOZzoGHVjjmJSFlhtF,The Craic Was Ninety In the Isle of Man,The Whistlin' Donkeys
2uJI7U6wvSSPi0vDt0GoEf,Linguseala de Catel,Gasca Zurli
5UeVLTpHzAJiw1osVm6STI,Nuestros Amores,Binomio de Oro
6wAmvVrf3cf5VcsmTsQlUy,Rancherita Vengo A Verte,Los Reales del Valle
59t6bWjxNlPBR33K5LI40i,Tú Ya Lo Conoces,Julio Preciado Y Su Banda Perla Del Pacifico
19bxea26tIS3V9J1tKkQWv,Goiabada Cascão,Beth Carvalho
2GImcOxFZ0GP49rmPnPOjT,Pressure Drop - Single Version,Toots & The Maytals
6RRFlzzIBupwqXQEbmPft6,Bridge to Your Heart,Wax
5Pgu8TSg3O2Bqq7Pp511Wm,A tigris az mindig egy,Bács Ferenc
2tkxHULxMGrgDNkTvcZBhR,Río Rebelde,Banda Movil
3oI9XlXJy3Ww9GnVxyUMq4,Ding Dong,อนัน อันวา
3FFjLBkI6K1bFKs8dOflqG,Los Altos de Sinaloa,Banda El Recodo
2v0IPTRTuRrt4yF3yuWuu0,Hora Medura,"Alan Lomax, Harry Oster"
5VYG8R6YThwNMfiZEa7VPg,Define,Miekahr
4s1ZUdnUyWSn9OJhZONcxG,"French Suite No. 4 in E-Flat Major, BWV 815: V. Gavotte","Johann Sebastian Bach, Glenn Gould"
1qC9WslR7TKoe4dg6QCgVt,Pinhead - 2002 Remaster,Ramones
5si33zwaMtd3yT808GiV34,Åh At Være En Høne,Kim Larsen
51RBaxu9FllByWC1DCKswA,Les Minipouss (Générique original du dessin animé),Les Minipouss
0u5HePDfCbNN0vWFrsUURO,"Goldberg Variations, BVW 988 with 30 Variations: Variatio 8 a 2 Clav.","Johann Sebastian Bach, Glenn Gould"
3LhSWvr02ZOYL5IMd3nm1t,Gianna,Rino Gaetano
4jDKrP5vwng2QQNJ1bjaRm,Gianna,Rino Gaetano
4UnnLRWloq2qbbqbiSHOYv,Übers Rufitobel,Rees Gwerder
2Mzh8QoXdj6pFtLr6jb9EP,El Rey de Mil Coronas,Lalo Mora
1h0Lce3hFO5vpq3Od3jcZ3,Dizem que o poeta é louco,Gildo de Freitas
0TRM2GPcSWaZWJUr4cMDin,El Cachanilla,El Coyote Y Su Banda Tierra Santa
64uRImQbMWQsUmo9BjLHub,Enfermera,Los Hermanos Flores
5brNu9PsmCiM7smDigSKdS,Ne zaboravi me,Jovana Tipsin
2S8DlwD7gi7Ir91dS1ucpm,Reto de la Muerte,Banda El Recodo
3qIjAtTwBquTsqtOs0dTo0,Follow the Yellow Brick Road / You're Off to See the Wizard - Orchestral Angles,MGM Studio Orchestra
4g4Z2AmCNzDirPcWY2Kuge,Saindo Faísca,Paulo Siqueira
5FGH0gswhAxDKlVYrkunMv,Reverends Revenge,The Housemartins
4hs8o8lLeB8tREWp7OLAZJ,Princesa gitana,Banda Machos
1ch4u7n3GCyUYuLfRi8NAd,La Flaca,Mi Banda El Mexicano
6ekhUaoPt8WPdp5lI7doQ9,Juif et Dieu,Serge Gainsbourg
3FlOciKDqFlTMPeC7t92Qy,She Works Hard For The Money,Donna Summer
6oNLKBqfmguEaP7jpG2fwX,Tell Him Again,Johnny Clegg
4GxdKMSHOOoMgJHakCZBSz,Linnea,Hootenanny Singers
5dzBd4A1Bv4reJYkUeylYx,Hän on täällä tänään,Tuomari Nurmio
5dMGPa7SIoADUWlnPi9fsk,La Cama de Piedra,Los Caminantes
6yk06G8jArOgLYnFfzgBMO,Rara underbara Katarina,Ingmar Nordströms
11eYT8K0lcKlvAIxOEfgth,No 1 Else - X 10 Ded Mix,Bushman
4LddAerqROEdlx1GF1bcVd,The Hippy Hippy Shake,The Swinging Blue Jeans
3qCcaEfYemFDg1T1qCGUUD,Pakas De A Kilo,El Halcon De La Sierra
1Y0xTaCwtkiLy7Afdq41p4,Corazón de melón,Pequeña Compañia
0xYwSVvVaRSP0ALEpf3nGr,Csiribiri,"Judit Halasz, Bojtorjan Ensemble, Fonograf Ensemble"
4kdUnWUpJomsVuRrFrbsVK,Teresita,"Diomedes Diaz, Naffer Durán"
4cMnZyh3VqhEZT3lq0MQT4,Volvi A Enamorarme,Silvio Brito
7AvtMuu1vP0QFrtTivBKAg,Jung & dumm,Willy Astor
5vhDAiMp661n2b0ByF9nyw,Hoppe Og Smølfe (Hopper Og Danser),Smølferne
39q0DRlWT4f1qmjRQqKrvu,Barbarella Fortuneteller,Boney M.
3dUBc9jP4pXzHO8gYOnrhG,Me Gustas Mucho,Juan Gabriel
5sIGDwDTyFCo4Q6JyknYSw,Cata Fericire (feat. Denisa),"Florin Salam, Den-Isa"
1uQ0smePd8FYqNsc4Ii41t,Shoorah! Shoorah!,Betty Wright
4H3FeRj2UzzX4fxzUqBLLa,Sur la montagne du loup,La Bottine Souriante
5DmcwQ8TVUNfsihbEkFyVK,午夜皇后,Alan Tam
5cXwbea6eeAMP774qNiKwX,Call On Me,Patrice Rushen
3uwolGPQUeLOuFBiyG5nPi,California Sun,Eddie Meduza
1MRvHjLhhttdjNHnaMRyxD,Pestry zivot,Elán
1dhSfMLCSQOE8LaIQlYcfT,L'amour c'est comme ça,Claude François
6Gb19vzLME4nQessLZCkw7,Skagamenn skora mörkin,"Tékkneskt þjóðlag, Skagakvartettinn"
2eaGiWGa5cLsO9CDyTs9Py,Te Quiero Mucho,"Diomedes Diaz, Nicolas ""Colacho"" Mendoza"
7lpcBcDHYipSVCK8f1d6E2,Chic planète,L'Affaire Louis' Trio
1AUxqWBcN4wkZmDBChuH8r,וואלי,George Bar
6xlWJbSKO6nWDaXNgrjnCO,健康歌,Mavis Fan
4q65yysAtTIfcmFMiMzSAA,Mis Viejos,"Hermanos López, Jorge Oñate"
2lMaUHOyMNl4JVWAErHThA,Summer Feeling,Demo Boy
3FlWqdhG2EFarsfNyXFx1D,Descendo a Serra,Paulo Siqueira
5BQVFu684nBZOipnfzutq0,Sørøversangen,Onkel Reje
3QqIlrnLwScCbrw1mlZZqb,אני פורים,Dorit Reuveni
0APNFtBy246pbzSjOx9f51,Teleromeo,K3
6ChbGntzfCXnZ9y9beyP0L,Schön von Hinten,Stereo Total
4Vj5PAwvwWcjuK7a1v7ldG,הליצן,Edna
0aL6tnjgKaLcZ6imb9eggY,Komdu út,Grafík
43iaHz5dLnKRovc3DLQApU,El Mudo,La Sonora Santanera
43fzcBqrLtNkRVNZCz1jE1,Hooray! Hooray! It's A Holi- Holiday,Boney M.
5J3osyyp1QOpp5GwWcEwO6,En kort sommer - 1999 Digital Remaster,Torben Lendager
2KSE8BFzYL6hkDWOrX9PBc,Court In The Act - 2004 Remaster,Lindisfarne
505QALTxkpzRI7FY4kuS2J,El Teterete,Banda Maguey
7xOTuOY39YtUniPi2bXQ85,El Marinero Baila,El Reino Infantil
4OaUU31eyZcESS1Wp1egFM,Mi Ultimo Contrabando,Beto Quintanilla
0pz9A1tfDxfUQmrH8WHzf1,Láska v mori,Senzus
73qvtKfAuO2PdWYS0lv34K,La Cucaracha,El Reino Infantil
5eqYH0Cd2DTghUEJqYMAZN,El Golpe Traidor,Banda El Recodo
0SnvLzVAM0X4ATkdDxNAvr,Special Brew,Skankin' Pickle
1VrMGq6QMeThqlUOchYy6t,Då blir de' rock 'n' roll,Arvingarna
2CdtZyBWO5nEnLggf1KvG2,"Demain, demain",Fabulous Trobadors
0xZ3emrZ1wXBU9m7aKMT5n,Perfidia,Trini Lopez
6Qnfw07bds8LmKlsVEosa2,Kvædid Um Fuglana,Halldor Waren
31xvx5TsdUgoAgPYWH8yGX,Binadyong,Juan Silos Jr.
568dRkcjWj6yqkguQbMh3G,懶惰貓,銀河小歌星
2fHHwtwpcVJ8ZGmJJ70Vgk,Last Night,Madison's Band
2Nxi9wXV0dYzNThRFCho1a,WOODSTOCK'S THEME,Original Cast
7jpQ6RlEFM9OsWeXtAToMp,Urner Bödeler,Rees Gwerder
3cnrGnNUE5J6pOgyCwsNLs,Muchachita Pueblerina,Joan Sebastian
0JNO59NigOfHWQQAClzAEs,Que Mujer Tan Chula,Vakero
4dMFck4sZUMU7js2yMq7Yx,I Am A C-H-R-I-S-T-I-A-N,Cedarmont Kids
32fmQsWSAaDas2MJRyMSGG,The Ghost Inside,Broken Bells
4P6AmXmdBRejPAOEAcMyn7,Memories (Cardio + Running Workout Mix),Workout Music 
5CqLGYG9WPnvtCZurOfAx4,34:an,Eddie Meduza
52q1XGotoqVi8VT5TzTtrc,Little Deuce Coupe (Stereo),The Beach Boys
2E5I3d41LCqAJPWmSzrVXv,Be My Lady,Kool & The Gang
72Z2L7gXqNh6Y8idOJbNC7,Sueños de Conquista,Binomio de Oro
6tAH55KVQN2uMs4LHPOrw3,Тёмная лошадка,"Elektroklub, Irina Allegrova"
6SKTJKHWrDebqUEW51D3tg,Down in the Boondocks,D-Faction
4EKrTHqKI9wB2UCJv6Pz1D,Rio Badillo,Los Hermanos Zuleta
5sWZGKgZbU7zzxdZO03gRr,Un Llamado,"Jorge Oñate, Mendoza Colacho"
6Hz8Ai2vWn1xSeapeSr8Sm,A Punto de Marcharme,Lalo Mora
7AS3s4YwBumvuYrg55L8RY,A La Sombra De Un Guamuchil,Joan Sebastian
5dGQpPtckUZBAcud9xCq3f,תן כתף,"Dorit Reuveni, Revital Amit, Uri Berger, Dudu Zakai"
1zULpWXpxKnNmEAUaFSgSo,Hombres al Borde de un Ataque de Celos,Yuri
0w5522zDQOgo3EpUoQH3eW,Harmony,Suzi Lane
1NgsgqlQ0gKYnhsD7lBQ4r,La Celda De Un Loco,"Francisco ""El Chico"" Elizalde"
3HNKYgCar5NXXCuAguHqXz,"Queriendote, Adorandote",Conjunto Quisqueya
1Kxap8UbrmlXcgKBuCysNg,Quién Se Anima,Gerardo Ortiz
3UWL1QuRkwThz1BqANKfN3,Talnalagið,Sigga Beinteins
4fnvjQXs8y18X8br917ohs,"1,2,3 Red Light",1910 Fruitgum Company
5TC7m3r82M8asl5RSEMBq7,Ja sam Srbin ja sam pravoslavac,Baja Mali Knindza
4teMFYX7G4e4K1JcHLjguV,Raulandsongen,E-76
7EbSiPtT7XPW8RBU9P9XMX,"Vat My, Maak My Joune",Kurt Darren
0oqh6BOcAvk9YSjFErxitT,Vreau Sa-Mi Fac Statuie,"Sorinel Pustiu, Mihaita Piticu"
250MjEEYu4fTnssSuOIIeU,Ingoina Le Nyathi,Intombi Zephepha
5645gXyI06kDySMEYaAdrd,Carioca,Los Iracundos
0cPcDOTukBfThZyC8kdBep,Cidade Do Barulho,Demonios Da Garoa
3kRwLX8cEDAy5ydWCx55dT,Kräftkalas,Eddie Meduza
3zbe6ciRDi11sRylqYvMXt,Daar Komt Munne Witpen Aan,Jo Hoogendoorn
005pnkaEeHqxd2UmgrSxLD,Escaparé,"Teenangels, Mariana Espósito"
53vCJI2ekj6nzVSbGuufXt,Karjalan poikia,Vilho Vartiainen
6iYL5GzLMVbLZNrMSuVcO1,Dýralagið,Skoppa og Skrítla
5TarLrhzhWLjsDwPNNA0uA,Do rána je malá chvíľa - Vysoký jalovec,Senzus
7gMgPpuKn7pq7V39wLwGec,Manila Girl,Put3ska
3gm0yZcgLcYyEMBPQ0N19f,Volveras Se Que Volveras,Miguel Alejandro
4445XRb53mqCkp7ch82vBT,Svenska flaggans dag,Traste Lindéns Kvintett
0sP5kWa0azj9ucsZCSQxUS,Ich find dich scheisse,Tic Tac Toe
6ghY6TCe9b51t0JKEy4OuU,El Borrego,Carlos Y Jose
6ezdm5EU4Of8RJvEJFMtR1,Femtiotalet lever igen,Schytts
6SBELWzqIheh0H5lREsot4,Häkkilintu,Edu Kettunen
1kvm9MH18CZSpU9bOn2bge,小毛驢,"吳爾笠, 楊仲豪, 蔡榮吉, 許鈺珮"
1g4HtTKLnk9r7YpFVsWJNJ,"Il fait beau, il fait bon",Claude François
1TlXUyr89mSQZcwU3FO2wj,山地賞月舞,"Steve Chou, 吳貞慧, 袁美莉"
4IIlk7KeIbyz1kr8CSr6Hb,La televisión,Pequeña Compañia
3UieIbEtb7evYcdNgKczEa,Pinhead - 2017 Remaster,Ramones
3XPjepUeNr7YxxmA6IfQ3X,Pinhead - 2017 Remaster,Ramones
2pvs2oJTb7BPAUXPy5M794,It's The Same Old Song,Four Tops
28CXdl9FV1Ge4U2ej1n2Uv,2 X 5 [Chorus],Ahli Fiqir
3bPXwMd8jiarkLIunCxzrr,Dam dam da da di dum,Saija Varjus
1v4IPYgYzkn7qsbwjbUCbA,"Vuelvo a Vivir, Vuelvo a Cantar",Los Tios Queridos
1ZZ8dumcfdEOCVD3iLDFxt,L'amour c'est comme ça,Claude François
7fAgRgFeUlgIsyk1dleI4G,Volveras,Miguel Alejandro
0I5FvHY2GSLYfzblaT3bvN,El Oso Hormiguero,Canticuentos
0Cv9ITPU69QIFT9Cg7iohl,La Rubia Del Moño Negro,Grupo Laberinto
6boeAqprqpo9PIBagXOeHy,Não Chora Ninguém,Trio Nordestino
7Kt8L6UfewLa7LPXRsfwuy,Jag Är En Idiot,Drängarna
6lIjeRnPSV14jQluI1ckMC,California,Eddie Meduza
7tEzXQ31ZjjR3ifoMRKkCt,L' orologio,"Sergio Endrigo, Giuseppe Ungaretti, Vinícius de Moraes"
3YuaroLkhvuF9ZEovTAhuG,爆米花,"蔡榮吉, 吳爾笠, 張方瑜, 陳姿妤"
1UeiLV7Amjkl6k48Yq8Mz2,No Time to Lose,Boney M.
5ivHOjmSUpHoPklXROaAQ3,El Pechiche,"Ivan Villazon, Saul Lallemand"
09YW1MRHrGaSYwS8DTKAXs,The Fabulous '68s According To Tony Marcucci,Elio e le Storie Tese
06Ogw63BDQ9ygHrvxdp59F,"Kukulienka, kde si bola?","Mária Podhradská, Richard Čanaky, Spievankovo"
1nDeAmeyuZhZRLlCcOHRHu,Blodomloppet,Torsson
3iCWM65OlwBaLPyWhsQWhJ,Tres Canciones,"Diomedes Diaz, Elberto López"
1L0Lu54AGJkWZBG4p3lRvQ,(Set Me Free) Remotivate Me,Depeche Mode
56ikFBI4kGFtHQEvG2B7dv,Let's Go Trippin',Dick Dale
3dYMsY8aijmxnHjW0QHXaE,ליצן קטן,Dorit Reuveni
6uVDz3JxmtGftk7Nx4C5c1,שניים סינים,Ofra Haza
2SyFChkzdsePmhzDyN0OeN,Mila Galdera,Alaitz Eta Maider
6cSgJlAYaEWOGROvNztEQL,The Birdie Song,Black Lace
6XfyVLcL2X1Auzrr6JNNSJ,La Escobita,Los Demonios de Corocochay
5m3gFCiUKw7DbJYVNbwJbG,Festival En Guarare,Alfredo Gutierrez
3tY04WazB0gOeAxVv4Xdtz,Cata fericire,Florin Salam si Denisa
3GqyYGPulJl01AXaOvzTmR,You Shouldn't Call the Doctor (If You Can't Afford the Bills),Dr. Feelgood
6gpi2XrYL2CGOZKkdTB7vu,Stimulation,Wa Wa Nee
2fA7c63f7JFuwEdSMM0N3Z,La Feria De Cepillin,Cepillin
2dAjfe6tejADaM7wdtZ2HC,Ndanzwa Ngoma Kurira,Thomas Mapfumo
5irCXJbnNcq6n4oP4LawT9,"Sur, Sur, Sur",Nanna
67izz4usAG1vEsVVDp1E5W,Mi Tia,Sonora Palacios
50PU05RTGva8laKDwxED9Y,Louisiana Saturday Night,Mel McDaniel
3ECo4oeEvkys2AKz7zZlJg,A Dança do Brega,Kim Marques
3WtXGmYZdXDGPFugqJp9RB,Consigueme Eso,"Angel Viloria Y Su Conjunto Tipico Cibaeño, Dioris Valladares"
7EzRdo7g2oeVrTviOgaYbU,Was soll das,Herbert Grönemeyer
4zuVphk9RxtyAy0XbYQLKt,南都夜曲,傻瓜樂團
4OL5e9pnueZVTeVwDvex9g,Gruess vom Utebärg,Rees Gwerder
7p116lCvSdRiS6lLejGZao,Xeém,Luiz Gonzaga
73JcA2rfNS8cZynMgNONem,Estoy Metido Contigo,Abracadabra
6Z7nOrGvabVC5vkYeh5s9v,Y Fue La Última Vez,Grupo Laberinto
5xzkvxUClF7eDJeQ9yuYCK,Slivovica,Heľenine Oči
0x8w4894c2BXnQ3RASKzwU,Танцуй Россия.,Glukoza
5KnZvjJqppjCIbGknWV64P,Pero Hombre Amigo (El Chubasco),Antonio Aguilar
4G4yvKU1jkwFP9lLmbnmr0,Innerschwyzer-Buebe (Schottisch),Kapelle Innerschwyzer-Buebe
40kc2CTmB5uDsGpomzGpZ4,Ohni Buess überhocket,Rees Gwerder
6MoL2AFPcYv709WAGnPBGn,Highway 2-18 (Hang On To Your Dreams),The Bellamy Brothers
15lE9l57pN8qdxfeBoeAND,Hutje Op De Hei (Goldfinger Remix),De Alpenzusjes
06hDJt1VHCJbIAjEsOxziU,El Ultimo Contrabando,Beto Quintanilla
4qaoFNTDMkFLlDcTG54jkF,La Competencia,Johnny Ventura
6pRaxFeQ15EXI4JLpZ5QTh,Bodybuilding,Eddie Meduza
5q2RfBEFzNOXLY4LPluf5g,He Venido a Pedirte Perdón,Juan Gabriel
4m3aFb0N0v6RLVhwcX2AYO,Huellas De Un Recuerdo,Silvio Brito
3vhPwuYtoMv5jfkmkHkjjz,Я не поняла,Verka Serduchka
5s8qApaZjds49jKB7vvSe1,Brillantin' Brutal',Falco
5gMEgDmbAVd9hBuefXaCeP,The McCoy - Stereo,The Ventures
0CyJCaB87QIwxRgTYq1gU4,No Voy A Patillal,"Jorge Oñate, Miguel Lopez"
1K1nMupYjuMsY17PCKFnX7,Alle Chinezen,K3
3KMxqCkqYCC930X2bn2WJo,Bim Alex im Landhus,Rees Gwerder
5DAapBJ7jG9o7tanu0RT8V,Por un Caminito,Leo Dan
0T301lgPBRDXKMhIA0brtn,Sauekjøt,E-76
77pgPXXNqfPFLXeIJ7vCBG,Radinho De Pilha,Genival Lacerda
061iVgHQi6hrVHxo1PzTkE,それはちょっと,Ozawa Kenji
4fRfa7duZ3fyzlK5pzkDQY,Can't Get Enough! - Vocal Club Mix,Soulsearcher
4VvBpxScNFzbJpqiE0HZTg,El Sinaloense,Juan Gabriel
78tXCnAFwIt4OYqXov4v2b,Telatko oblibene II.,Jaromir Nohavica
7cShs4kgshWlSOKZ8OZLLo,Cristina Isabel,Diomedes Diaz
2wiSS82dcpINhEnhlx5R9X,Cristina Isabel,Diomedes Diaz
7xBxUW15cINiee5evdUOp4,Upp Och Hoppa,Jävlaranamma
2lcN0Q7Vb135u9KozPEh9y,Þar standa hegrarnir,"Halli og Laddi, Laddi"
6hcRsnpxGp0oQlqIGqKYfw,Ich bin die kleine Hexe und habe rote Schuh',"Simone Sommerland, Karsten Glück, Die Kita-Frösche"
20OVbaIrsu70Qab39PsE3X,Rockin' Pneumonia And The Boogie Woogie Flu,Johnny Rivers
1qGywVfMGafW9vzZ0Zjx96,Corrine Corrina,Floyd Cramer
3E9h0vQAOz3aMbm3ewT9rK,Porque Te Vas de Mi,Los Altenos De La Sierra
0UJ9pLFfWQRdTtEHSfW8S1,Barbarella Fortuneteller,Boney M.
1RWPffuecmdXPhiCcb7rTW,Am Strand von Maspalomas,Chris Wolff
5DJLFo6xEf9m7V9CcQicZz,Vi sticker - här blir inga barn gjorda,Factory
2iaWwsOKvHhi9j3H7Qdizm,I Can't Turn You Loose,Otis Redding
0SGOX26n5jstwBcdgCtK22,A Sanfona Do Mané,Tonico e Tinoco
45ZHE7YMlUTD3NNyq5TT4c,Schlittenfahrt,Herbert & Harry
70BjxBUjSWU2tHmJkwpJKG,Viena Tante Teica,Daiga Petkevica Un Normunds Jakusonoks
0MCibknV2OeBTe0ME51jFI,У дома часовник трака,"Margaritka, Lubo Kirov"
14V6VqJXHZ08pM6Fu3vUsO,"Goldberg Variations, BWV 988: Variation 1 a 1 Clav.","Johann Sebastian Bach, Glenn Gould"
3aSWJsM25s19pcfmqsgnEo,Huellas de un recuerdo,Silvio Brito
1MOAOueyuQFsnLSU7dHvwG,Ride It,Krosfyah (feat. Edwin Yearwood)
1BifG6O7y3G5z3cZKuc4n4,Calma Mi Melancolia,Jorge Oñate
414YGn9fgC2S1Kzwj0qi3u,"Schlaf Mein Prinz, Schlaf Ein - Mozarts Wiegenlied",Various Artists
2nNPg9crPdrSJ3C6K5MPJb,De Esta Sierra A Otra Sierra,El As De La Sierra
4wdRfBIUEMCQyfkJz6aHgs,Union Dixie,Tennessee Ernie Ford
2UvTT6qbRTVdWMMNhQVTgO,Rockall,Mezzoforte
2HbgyFdXNro6SGLnpa0j0G,Tu ausencia,"Emilio Oviedo, Rafael Orozco"
4YYd1oPidpG7rVu4OLjPG7,Viaje con nosotros,Orquesta Mondragon
6AicwyuC1trakh0T52BoEK,Sofa Urtuborn,Halldor Waren
07Ff2QFI74BCHGefc44MNA,Putty in Your Hands - 2015 Remaster,The Yardbirds
4ZXUK1cKNLYaFOFJrryw0R,היום פורים לנו,Dudu Elharar
54GkZvPK5V4KzdPYVaG1RS,Fatty Fatty,Bad Manners
1TlDKW0GlvgMcrWeXgwclP,El Viejo Migue,"Alfonso Zuleta, Emiliano Zuleta"
2f3qlsJlYjI2cwiD67PyuE,Silakka-apajalla,Veikko Lavi
6JM5K9LAetZTDUA67D318w,Rindu,Amelina
4peG2kKBsnzOkh2V1AChYD,Lo Vas a Pagar,Julio Preciado Y Su Banda Perla Del Pacifico
4c2T0GGNB5vvFatr3w0iTv,Багама-Мама,Car-Man
3ux5FvIOUMjPAxWKN2w5RK,Pet maimunki,Nencho Balabanov
2fIGVB7jIhrlMMSvG2YY6Q,Nefið,"Halli og Laddi, Laddi"
5KDSjOIn9edXbJpThayTKk,Stuck,Caro Emerald
2tPZoqMBCit6MzC6BxLEGa,老鄉見老鄉,"Steve Chou, 吳貞慧, 袁美莉"
4G9QwkWOcBEaPq9owro2MY,老鄉見老鄉,"Steve Chou, 吳貞慧, 袁美莉"
26utHjizl63E8fLaTYtWf5,De Nada Sirvió,Lalo Mora
4RApYowLppCFJBqVhSnIPM,Heim til þín,Áhöfnin á Halastjörnunni
0HFV5E9xYOHPGZx7tdYJts,Corazon Herido,Sharon La Hechicera
1rSbPVh7UZbvsGmYHh7vZM,O Meu Galinho,Galinha Pintadinha
1d0lvgPWXgxyTGDtjvb4DQ,Hoy Te Vas,Miguel Alejandro
1rmWDJQlrPAvQtygL0ZKkg,Circus Polka,Shirley Temple
4OsNYwj0ONZf5fxUPNXSYY,Como Ustedes No Hay Dos,Teodoro Reyes
7EbiEZYeYCSd7rmFml9xpW,Am Venit Cu Voie Buna,Stana Izbasa
0CioIafFIP9S2wuh8cGFAy,Fat Boy,Maxamillion
2iKCL9YGGTpDPen0LhzcX2,Boom Boom Boomerang,The De Castro Sisters
6CFfqBX6HrkrTjUNiQt4qJ,Eitt sinn gekk ég,Edda Heiðrún Backman
0Y7ISCsCGaT0wm4PDSjDjr,Små Rompetroll,"Anne Brændeland, Camilla Trøen"
5326nrN5Ds0b1og1xcZIY5,O Pai da Gabriela,Jackson Do Pandeiro
4cokexqCMbr5cPTYe5uGhg,Pentru Dragoste,Class
5LseGDMIVhVtOsKYKpAQ9J,Let's Go Trippin',Dick Dale and his Del-Tones
3fclS1pxwLqXvjEtXc1tst,El Buey De La Barranca,Los Felinos
1c659l8GwH9HYAalrXjirH,Bobocii,Malina Olinescu
1nc2rYSugLeL5vd9k2oRRi,Caminos de michoacan,Banda Zorro
2T79mEx54SJNsnFdtyAOxm,Amen,Pahola Marino
0AefBC2PkSl8YGcoKUSXl1,מלאו אסמינו בר,Ofra Haza
6LZL320QgrYsZSIT2xwzIg,No Particular Place To Go - Single Version,Chuck Berry
015p8TgFahkz0viuux9YGJ,Eins Zwei Polizei,Mo-Do
77RTORanpQJqIZqWE8pFng,Heut san ma Da,Das Oberkrainer Echo
2h9BY0DF5MgrCMHzZngFAw,Tin omorfia sou exases,"Stratos Pagioumtzis, Stellakis Perpiniadis"
3uYQkt44U7d66hJyQx2KgO,Tchibum da Cabeça ao Bumbum,Palavra Cantada
56cBHQrstdu5f2WSWxCnkJ,Chiricanita,Gabino Pampini
3jk32r13MUF8zAtkv9U9Xt,Cantec - Instrumental version,YeblyKok
1o6hPBtzET9H5gGlU1vzDq,Rara underbara Katarina,Ingmar Nordströms
5zpRFia0qrBPhechoDnLS2,Rabarberu Rausis,Vera Singajevska
33AAdwr1js1SESHflZAlTD,Amor A La Ligera,Los Invasores De Nuevo León
1aJNnFS8L8uUX41CxpwMIY,"Prelude & Fugue No. 19 in A Major, BWV 864: Prelude","Johann Sebastian Bach, Glenn Gould"
5gPc6OtdI74GoK0nCaP0he,El gavilan,"Silvio Brito, Orangel Maestre"
5kYTswi7wzAqQrBhkfSD3S,Aardappels Met Chocola,2 Kleine Kleutertjes
3vXfJ9iAKPGLfy8G7es3bz,La Gran Pachanga,Banda El Recodo
2oZvVGammccEkDSmcGGg47,Regina reginelor,Mihaita Piticu
1X9povBxQkI1ojRA893fv8,Shoorah! Shoorah!,Betty Wright
7zUogmz7vHIVvsOSuSynKL,September,"Earth, Wind & Fire"
6Obmwx7TVyshjovWT4VYB0,Fandango Alegre,Paulo Siqueira
4w6lpdTYvYoSbNzow8HVXM,Te Necesito,Fito Espino
0O8HDHDoqJEavjf1GmMkZB,Танець пінгвіна,Skryabin
3n5wWhXZKyowsRQ4QiSCVD,Eclipse Oculto - Remixed Original Album,Caetano Veloso
7zKmON255fgAHQlmKTgJQf,Westgotisk nidvisa,Eddie Meduza
5M0LN0Ch995nvcfqL0e1w7,Dansons,Sylvie Vartan
1gMfBLdWorFOhM6DWiRHb5,Cantares de Noche Bella,Andres De Jesus
0vttfYDZ6uLi6kStSxkTrB,El Federal De Caminos,El Coyote Y Su Banda Tierra Santa
2S2fyvGmw0kLC4WOEjBTrD,Ya No Me Mires Asi,Tropicalísimo Lobo
1FyOKN5mOHSn58swIOZ5vI,Get Off,Foxy
3pYsXcF5hVwqkf9ntSaMVu,Basulto,Juan Silos Jr. & Rondalla
1V2D2xHCwAiTajl2B4RMc9,Cruising for Bruising,Basia
0DWR6UTYKIN7hmjNOzutK6,Stupid Girl,Undershakers
1Fcgax2qV2WgRQfpDbhGnN,The Battle of Brisbane - 2013 Mix,The Pogues
6RoV5gZgCL0JJ6FzbHAj3Z,Sombrita de Cocales,La Sonora Santanera
7rCcgP1xr0XOWWOiO0AjPW,Las Edades,Roberto Tapia
1UbzmkVajS4YyoJLuGP7q9,Juan Ramos,El Coyote Y Su Banda Tierra Santa
2hqujxTvvzUnJXPrafHaAk,Aha ha,Bamses Venner
5p6z9BCWZRZKpsmhdyQgKa,Gerold im Schuss,Rees Gwerder
2XjuMUjp8lbLZu3P3kOmUI,Los Tres Gallos,La Arrolladora Banda El Limón De Rene Camacho
51xeNRE0uEBpgefZ1NgETc,เราจะยิ้มให้กัน,Bird Thongchai
7GfeBFO5xp4mN8nHEvEllg,Gerum gott,"Rúnar Júlíusson, Hemmi Gunn"
6XZxaOQ3RxvEyEPkw9pBmf,El pupitre de atrás,"Loquillo, Alaska"
5AMuWQfkvqbVpthKWV3dtS,El Botones,La Sonora Santanera
2YpCUKqtFmXuqVVXPlG5Pe,I'll Rise,Ben Harper
1btwB5qDIFhmPomLkH2ZcZ,Tra-La-La - Outtake,"MGM Studio Orchestra, Johnny Green"
0qJDy1QsmmnZt343XTzxQd,Can't Get Enough! - Vocal Club Mix,Soulsearcher
5HbKz97Tm256sLVdYKlLER,"Sur, Sur, Sur",Nanna
0Z7JbVdCutDfPSjdtbFGrz,Apita o Comboio,Maryline Garcia & Christophe da Silva
5hRFuDantXygPVVQOQt6bn,"French Suite No. 5 in G Major, BWV 816: II. Courante","Johann Sebastian Bach, Glenn Gould"
2tWj5VPpwfV5aIK5QEYF6T,Ela Me Deixou,Skank
2w9VMoetSd6JKgD8x0TjQ0,Recordaciones,"Beto Zabaleta, Emilio Oviedo"
5ZvZfiJRbMEWgqHT2xmtmg,He Venido a Pedirte Perdón,Juan Gabriel
2wwdS0EnNvqXIxjRDJWG5h,"Me Dices Que Si, Ahora Me Dices Que No",Sweet Edition
3YiYjH9h0qoAMt9Iy7N8RC,34:an,Eddie Meduza
500bYkkv41lkLIUoHQAjEz,Miła moja,Top One
2QCO1iPtcC7filOUjFhVPk,跑步,環球合唱團
4C0be6bpLDSbltPioYihz9,Lauantaina bailataan vaan,Anja Niskanen
4U7N4o4EHZnsJSkH0qrmat,Cuestión Olvidada,Los Tigres Del Norte
2G5WuMcmSt3y9PbgzMbeQI,Briga de Artista,Joci Batista
0DWBJYnskOGgVpHsp8GtVW,The Gummy Bear Song Swedish (Jag Ar En Gummibjorn),Gummibär
0TCuE3btejwV6EXbrxASwY,Adieu mon bébé chanteur,Alain Chamfort
08R16LKQOK51bqLQPMYKpn,Í nefið,"Halli og Laddi, Laddi"
09oRRjZ4TZShgfyv2Ulcxr,Fånga kräftor å lägga i en balja,Eddie Meduza
4RRjcBu48OhzGdZq7EzEEM,Школа № 7,Hi-Fi
7roLuyWarSlGXN9urtXTK6,Under The Reggae Moon,Brownman Revival
1x7w8NuVvmSP4r65576eUZ,118 Balazos,Valentín Elizalde
51H0EjhVESzxx7ZZVqfbPJ,Hulivilipojan polkka,Jorma Ikävalko
5fA7H8n3zhNsoSQSYA3DLz,Más Chingón Que Ese Buey,Los Razos
5vQUOzxBykdBHR9xUlyXYY,เธอคนเดียว,Forever
1lyi9OxMrIcCQmHqmn1cqj,So eini wie du,Stubete Gäng
3RiZ5cvqHJeTxTr4jDyXEO,Frosty The Snowman,The Ventures
4yw8ZLkvaT1ShHId3ZaqUg,"9 Little Preludes, BWV 924-932: Prealudium in D Minor, BWV 926","Johann Sebastian Bach, Glenn Gould"
4LdeHx9odqjVQ3VWSkm0hN,Un Amor Aquí y Otro Amor Alla,Ramón Torres
6iLr5XUVOc2T2bYbWm0hsw,Forró Do Surubim,Jackson Do Pandeiro
0L4LCR1ETo9M7otAQfeKg1,Diddley-Dee,Cartoons
1blBx1Ml5mmJJtUazyDomO,Hijo de tigre,Enrique Diaz
724EmguSZnZkNYegszQgig,El Alacrán,Banda Maguey
1hXA3K6qUgBNlvgpP7moGt,"Ob-la-di, Ob-la-da - 2015 Remastered Version",Los Mustang
75NLKd8BpHUczWwAS2HKhX,Chiquilla Cariñosa,"El Güero y Su Banda Centenario, Su Banda Centenario"
7uZIVRDdfh4ks5vXSuLETB,Vecerni,Jaromir Nohavica
1HlpRbNlaHu7amScYcVJTj,La del Moño Colorado,Los Pedernales
5SCWLyYdMYcCtiy9kd57Qm,Trpaslíci Trávou Jdou!,Viktor Sodoma
460gRGQCKIBKhJR1aTt2BG,Addicted To Love - Remix,"Robert Palmer, Eric 'ET' Thorngren"
2YleHJN5AGZa2RD6h0oF2Y,Í leit að lífsgæðum,Pálmi Gunnarsson
7jkXpEaZOwZVxWi7pC7Sir,"Peter, James And John In A Sailboat",Cedarmont Kids
3ilmpjaFz2PDcT1d3xfvlU,Juan Guerrero,Los Tigres Del Norte
1G2QuMeQ3g5DY6oya3c5uN,"Resbalosa, Resbalosita",Bronco
63bfPLnoiPQGsQhHH68iQL,Мама ми купи днес,"Margaritka, Tony"
4jWWohYtxH8BPldKvBQPqU,Banna Céilí,The Dawn
7sikXt973bvLyiuxcIeAED,Niet Ver Weg,Samson & Gert
1bJvGuIEWiPd8lKDN6fm2M,Payduşka,Abdülmecit Şenol
4oPm5S3fekyTCIddjosSBO,Siento Luego Existo,Las Pelotas
5NiXn5MiLblEoiYHYiAcxo,Disco Disco Party Party - Original Version,"Omar Sarsam, Marc Bernhuber"
3AeImIbsS6Fy3nBkR46h94,Hai Hai Hai,"Steve Chou, 吳貞慧, 袁美莉"
4Wqef9CfeZca0yCrllkkU0,"Gens qui pleurent, gens qui rient",Claude François
1vYPmrIoTqKmFU4s0L7u1a,A tu lado estoy a salvo,Kmspico
3PwcGqs2wV98y21OwMCojk,Swimming in the Pool,The Radios
56poSvQ58jIwTGwokUCAC0,Jedwab,Jacek Stachursky
5jBLlSUxNjEWOCxr6ujdnd,Ain´t Your Business,Tottas Bluesband
0FG2BidxWdYecUegaWAnST,Juan Martha,La Original Banda El Limón de Salvador Lizárraga
6mGuqpKesu26K9xFmKJbzW,Shut Down (Stereo),The Beach Boys
7AKhSkgUR7OEboSPZD9ASM,Evakkoreki,Erkki Liikanen
4EYjXjsii9P7q0v775lPR5,No Face,The Suicide Machines
558CWaXB5ZT0hF8W6e9uMx,Vivir Por Vivir,Camela
1arnunG2JESNHNiojbqO7l,Veverita,Silvia Dumitrescu
5r5saw1FI1vU7CPG1ifAHa,Ulvillavisa,Scandix
25uN86jLVXNnusQDA3il8S,Whisky barato,Fito y Fitipaldis
0N5vO8qRLqPmbFFMz0fAiO,Poncho Soro,Los Del Mailín
7qDG0cqLV83tNePOvda4Jm,Emergency,Kool & The Gang
1ZTPOcvJLrKYYghEYIWN20,אל תכה,"Yorik Ben David, Dafna Armoni"
0ZkGTCJYbxFCxY6zeDMlDU,Gravity (Mix Cut) - Original Mix,Parker & Hanson
2b09DHnNpxCvvG8qgMLSsH,Gravity (Mix Cut) - Original Mix,Parker & Hanson
75QX4OmLCcFm2c751JM7a8,Gravity [Mix Cut] - Original Mix,Parker & Hanson
5OCyvy6xaxZEU78hxD6LzC,Muumimusiikkia28,Fiburaz
7eEJz3xuRPAJcjY3Q0WSkv,El Orangután,La Sonora Santanera
3qt3ybU6MScMxMKL2TYBvt,No Particular Place To Go,Chuck Berry
0J5yZ8WhWPyNnDYg1EWN4J,Shekini,P-Square
6n9aNjEUqdj9sa5EOE0kEA,Vamos Pro Mundo,Novos Baianos
0xMKnERzbVI3P4tk7emypE,Sansar ve Avcı,Çocuk Korosu
0b6kfQPCpUaWtPDO0fLRx3,Los chicos no lloran,Miguel Bosé
4ScY1ZOQWftYOgi1LuQdAD,Oh. Luister Toch,Ferry de Lits
6tUXbjWOwja3nkpZTmEoi8,Tout mais pas ça,L'Affaire Louis' Trio
0tC7wUdEYx4U8bRouB8T9E,Mi Gran Amigo,Jorge Oñate
57OWITrnprCGYvkcyaLRwp,Pedacitos De Luna,Joan Sebastian
3ewtLMrrzKZGrK6NtqKk3A,Tingalingaling,Luv'
6xngCKQTKHOiSHLXuOcuOq,Fest i Holma,Pipex
33U5ObLitg5YNCmDOzKZJb,"La Abeja Miope - En Vivo - Houston, Tx / 2005",Brazeros Musical De Durango
5NzMeFl7kzabKKvXjr4sDn,You're the Lady of My Heart,Modern Talking
0l2GBx2e2XElA8YzVCMwJV,メーヴェとコルベットの戦い,Joe Hisaishi
3Xqz7kN6fj2iROrX8x271X,Striga Cu Mine,"Vali Vijelie, Petrica Cercel"
47A1lOAHrx2EtksE0mVzYU,跳飛機,環星兒童合唱團
59rMf3o5hYfuAdX5IqSgDu,Maria Albertina,Humanos
3f8Gue0j9rUVz0wLhiXd4l,מחרוזת: מברוק,George Bar
648CreAa2IFMs9t1B8669C,Down Yonder,Willie Nelson
68WEnY6w8fNAqMFhnOMi51,Túr A Disznó,A jó LaciBetyár
1c4GrG3BSBPdXLIwlljLbc,Por Robarte un Beso,Miguel Alejandro
02qWKp2dooazMQ5xxTH2ql,Je Zegt 't Wel Maar Je Doet 't Niet,Siska and The Nightbirds
6tl1iLQgXTXdtF8jq7RZw2,Tu Nuevo Cariñito,Los Caminantes
1AcBr8RBxMkjUuVGEkGK0O,"French Suite No. 2 in C Minor, BWV 813: IV. Air","Johann Sebastian Bach, Glenn Gould"
0eJGXfJGW7iOD3rWRtKYbh,Por un Amor,Teodoro Reyes
5Xfs7jE5eylWCyW8AzjM5d,Hans bleib do,Kern Buam
5kZZQERgX90sNL2z5qu3s0,Nälkälinna,Veikko Lavi
1EHISRfiKiKPgyIEdKIBG6,La Meta del Vago,Jerry Legrand
4zYp9Q1KSf3TdoQnXokpMO,Bold O' Donahue,Tommy Makem
0dUGmwjvHXmuPREv0xfdTC,Entierrenme con La Banda,Banda El Recodo
3NdBmrM6yB4xXgmTnNrayp,s Nachts Na Tweëen,Lawineboys
5Ndu4zqysO6STeXUiuh6Ct,Place Sct. Michelle,Gasolin'
08JKuFJCHJVw1SgHHjwsS9,Talking in Your Sleep,The Romantics
6SyQBr66J5mNtfsTXucx4i,Rebola,É O Tchan
1NUqsAoIk79pbU7QQWRssl,咩、咩、黑綿羊,銀河小歌星
1Jo5uKs9jhtGt8DXhzlHwW,Tu Sombra,Fito Espino
7bkyXSi4GtVfD7itZRUR3e,Material Girl,Madonna
5zSUNDSZ3GNCxSFVapUJYw,To Nie U.S.A.,Boys
49kddpdZO9UZeRlDO7xQPP,Celebrate,Hikaru Utada
2TeFF6lbqjjK4lWL4Q6Qls,Krummi krunkar úti,Söngfuglarnir
20uOmlGA1MFEryuqKHFjQw,La Misto,Sorin Copilul De Aur
0Rd5FgJGC25TV6VWe0rqe5,Come On,Renee Geyer
1MULUW6qmuwcXKM3VO9lCc,Glory Days,Bruce Springsteen
1AKDvw1NmyHoL0cMAjK99i,"Croc, Croc",Xuxa
5jq0dYu4Z4SW1n6xWFFHpr,Sina de Cigarra,Jackson Do Pandeiro
6XAANIPjFzu49xAaVJ0Gi6,Ťuki ťuki ťukalo,"Mária Podhradská, Richard Čanaky, Spievankovo"
2YVC2bav8SOq4yjnH7fmUh,Dvel Eg I Draumaholl,Halldor Waren
4ExAPCEC94ICL0kYRzj0bI,Bukan Cinta Biasa,DJ Haning
7GuXcWAeueIMJjwFoDqlFE,Silakka-apajalla,Veikko Lavi
0DO203FidgOktbX2Ly1jtr,Parabéns da Xuxa,Xuxa
6wQJfplYZl8U59Ceov4bNK,Meine Oma fährt im Hühnerstall Motorrad,"Simone Sommerland, Karsten Glück, Die Kita-Frösche"
0XxfrVr9OkDDTOmsIwugmQ,"Goldberg Variations, BWV 988: Variation 8 a 2 Clav.","Johann Sebastian Bach, Glenn Gould"
7HdVljZDImVjMLQcTOVId0,Forró em Campina,Jackson Do Pandeiro
07TQDFaoLBwvo6JU1nnaiU,I'm Walkin',Fats Domino
1mMyKUDijpZd1LmUQUgOCq,De Ramones A Teran,Los Invasores De Nuevo León
1BmRjiYyDXPPqsPXkb66Tl,Mudiyumendral,A. M. Rajah
1Q2RPDcjd9L5kjvxnp88r3,Body Language,Andrew E.
1RamOeEL5Is5xRKGbEx8wZ,Mudiyumendral,A. M. Rajah
3BmCh2kxEmfkkal7v2narH,Bim Rees am Heuet,Rees Gwerder
0El996FY3imUA9bBvgA1Sj,Eleazar del Fierro,La Arrolladora Banda El Limón De Rene Camacho
0hsmJOb4iLQ1HAXbkhpUqW,Kouneli,Mihalis Rakintzis
2WOFHHJpomTXqgOJwvdxxP,El Comandante,Grupo Laberinto
2b7N170Kcg7f7xpCAossfE,Un Milion De Bulgaroaice,Liviu Guta
1ejhxfEUtraz8SwO68xEDY,デリカシー,Anzen Chitai
1hs4p0YAd5TWzxWYnnVlGt,Y Siempre,Karolina
1WLUi337Y8XxynXmoco1af,Wahda Wahda,Mohamed Hamaki
4evsRYZggWSSfWALPc6BW4,Lo Mismo Que Siento Yo,Los Betos
748uyF14KEMCplV2CPAua7,September,"Earth, Wind & Fire"
5iyaVyi8Cx98S8WS8TbuOT,El Polvorete,La Numero 1 Banda Jerez De Marco A. Flores
70ZV509cuNPHg3Cf8ROI4R,El Tren de Seis,Fito Espino
34bjpba0QDJCUPAmsJvqIZ,Der Kuckuck und der Esel,"Simone Sommerland, Karsten Glück, Die Kita-Frösche"
6NlGNrAoQuO6bFMr9WXT8P,Do It All Night,Prince
0UTqMwlkHazhoNuwEBz6aJ,Do It All Night,Prince
1QXgVR66AgWpElVKAGL0QH,Mandrake e os Cubanos,Skank
72w1m5MMkn3uOUTDE22Eno,Dur Noy Beshi Dur Oi - Jaak Ja Gechhe Ta Jaak - Shyamal Mitra,Shyamal Mitra
0uh1jpHFhUdolGwhwEZVok,Ни там ни тут,Agatha Christie
62fJOsSuBacW2J1oCMZi7X,Çığrık,Moğollar
64pJEa7ClDRSjji7ydJvvy,Ánægður drengur,Edda Heiðrún Backman
5KlvaeDCaT9NwTzT1YEYkw,Speleman,Vikingarna
09pG26LmLnCyDZGEpdnvo1,Me Gustas Mucho,Juan Gabriel
2Kj48NjWhbvmQNo7vz9Cax,Elmon tuli,Edu Kettunen
0CAVx6y8GAgMDzX9NCW0DI,El alacrán,Banda Maguey
3C5H3mL9Tbq2t3TzEGDl72,Beauty In The River,The Ozark Mountain Daredevils
7gSnWt5jPpFzu40UtBYmD1,Кошка,Mashina Vremeni
6VBzdn2BnAe6or8jatO8Kh,Ganas Quisiera Tener,Los Alegres De Teran
4jjLfOGnXPza7iXX8TebTn,Amor A La Ligera,Los Invasores De Nuevo León
5O1QX88tNco4SQ2PxPDCu1,Ясный мой свет,Tatiana Bulanova
4Xo9xqQowamnJY3Nt2yBbQ,Tanto Que Te Canto,Los Hermanos Zuleta
23DjSBJ3Oz2VhD9ywgmahD,Всё пучком,Potap & Nastya
0aXwUgxyO7OwQN8EOuBHze,Corn Bread Dough,Lead Belly
4n3iLrD9R4yGQbWYb1uYqw,Cultivando Flores,Atención Atención
4gryO2XRHDvVgDfAoxZCi4,Matuto de Verdade,Mano Walter
4JwrE7T6A6GuWL6QPaxIH4,Clave 7,Montez de Durango
3ScSrKY5tDXrqaxLQt59hg,Hou Me in Je Armen,K3
77iFeHuiYSRvleyU5WMBIA,Cangrejito,Atención Atención
5yVkWdTFlPrnUjnA24ta3M,Upp över mina öron,Eriksson Glenmark
1ICO9jm7GZmoB7eEyeSBE9,Eu zic da si tu zici nu,Carmen Serban
14m4h8KRTIZIU2yLo7zHbE,Zillertaler Hochzeitsmarsch,Zillertaler Schürzenjäger
5Lhea4g9nPsbmwo2HIBpni,Muchacha Triste,Los Fantasmas del Caribe
3wpLkju0bJy89kjgdRys0j,September,"Earth, Wind & Fire"
7Cuk8jsPPoNYQWXK9XRFvG,September,"Earth, Wind & Fire"
58J0a3eXA1BtCODfBVwOIe,118 Balazos,Valentín Elizalde
4nsC2PG5fF4dWu2P9isR4m,Fire On The Bayou,The Neville Brothers
0fErR7tWEKfaOr5HFGZSTq,La chanson des chiffres,Caillou
4JA7DUmJm6EayKUwF3vTr7,Mal Proceder,Teresin Jaen
0jQEVEsyrhhik3MreB7toA,So wia de Sunna scheint,Alpensound
5GJDWCxYwnpBFP6kxxCLtp,Dear Old Dixie (with The Foggy Mountain Boys) - 78rpm Version,"Lester Flatt, Earl Scruggs, The Foggy Mountain Boys"
2MKrjfdvemGPfHIS8aELZK,Cheiro De Gasolina,Ary Lobo
58rplquuzBc59PsN9MEHpU,Hands Up,Ottawan
3BhnHkRjHa1QkUjQ4g53FS,Please No Squeeza Da Banana,Louis Prima
3KYW44MneMfHfiufNMmeQ4,Steirermen san very good,Die Stoakogler
5CmZaMmJCnqqWEQH2U2Xbu,El Sinaloense,Juan Gabriel
5tZ8MI8NhysObEIxWBYjDv,יש לנו תיש,Ofra Haza
5LJN5trTe8v9XRLvqi9SUl,Doodah - Radio 'N' Roll Mix,Cartoons
3Y2TQIZtEkyLG23IdMvc2N,Que Me Entierren Con la Banda,Banda Sinaloense El Recodo De Cruz Lizarraga
0glK4YCnN5VWgMP4XfNU3t,"Kiss Me, Honey, Honey, Kiss Me","Shirley Bassey, Wally Scott and his Orchestra"
0Wdtqk90WzoswbOhqScJPW,Mein Tirolerland,Original Tiroler Spatzen
7EH6PIEiFk3Znvs2IcR3a2,"Do nieba, do piekła",Blue Cafe
1L3tdVoBFWJHyMP2rlSnDm,Shake My Sillies Out,Play School
35zTlZlGMnEATaPJiJlWFY,Viittalaulu,Levynhävittäjät
3mL0pzaHLsjJoaGfvQWyD5,September,"Earth, Wind & Fire"
5DLGc4xESJDlzhr44mDRRA,"Partita for Violin Solo No. 1 in B Minor, BWV 1002: 6. Double","Johann Sebastian Bach, Arthur Grumiaux"
0mO5fETTgf2pVbkAEs8CQA,Breakout,Bee Gees
0iAFNktdLlvNNK5epU76X3,Dame Tu Mano,El Dipy
1Cg5ehq4GjDTKcQTOccIGX,Time Bomb Town,Lindsey Buckingham
1KApqA4BBYSXjiFEt3YRRU,La Celosa,Los Hermanos Zuleta
4V9g1jO2mP7GCHl7jToTSF,Roberta - Musical base Version,Orchestra Studio 7
298PIIF0MuJpRX8g1ZxCLn,La Vida,Diomedes Diaz
6I0t7e42YRg5BZQTPFnqBx,El Amanecido,Los Morros Del Norte
79Lam1bAWszDiRLTH2V4ue,Besta é Tu,Novos Baianos
40Ek3xeAjtTArg5iTpJI1E,O Rico Pobre,Lindomar Castilho
1e9iumCElvP0hpyOfyoa1G,Elenita,Los Armadillos de la Sierra
7f5goAECSfHNULuDqm849G,Zillertaler Hochzeitsmarsch,Zillertaler Schürzenjäger
3tRgd6r4XpAOMCEPjG2s3o,La danse d'Hélène - Hélène Mix,Real Joy
2t4X5km7utmM1LAvdz5nVj,Corazon,Maxi4000
2UwprRPnvsWhN3ygnpayMD,Agua De Té,Los Titanes De Durango
10kpLPNHnYoWLLF1Bc0skX,"6 Little Preludes: No. 3 in D Minor, BWV 935","Johann Sebastian Bach, Glenn Gould"
2rIevB95SlDTegAy9lQbh3,Kaluz,Jiri Schmitzer
0otjamQr6qKFveI1YxzbmJ,M-Am Nascut Sa Fiu Fenomenal,Alin DImantul
5EFDXorJyUp61D2ZGpmsJz,Brazilian Flower,Jean-Jacques Perrey
1YA45ebLWaMLq88FinN8RT,Samba a Dois,Los Hermanos
7LmpIKbuoVaZtHXCdIGeJz,Quiereme,Edwin Rivera
3aGmkybP0lQLF4fW5FQhHx,אלוהים נותן הכל,Participants of 'Erez Tropit Yafa'
4uksgqENz9mgOlkFMAFvBt,Put Your Hand in the Hand - Remix 2006,Ocean
2U2shkjkiZxS5Le7s5R0HE,Fever,Toots & The Maytals
3jZLwNteBDlGhgOCEgnuF2,Shut Down - Remastered 2001,The Beach Boys
05uxzAImWotGLPTVCuvQ0z,Acide Winy,Niagara
64RFlTIEMcOZPjb27p8LuR,De Kop Van De Kat,DD Company
3jryyyqSjBOlrAPNFVrAk1,What I Want - Radio Club Mix Radio Edit,Fireball
1dv1mmajJLA4BntpW66ft3,Let's Twist Again,Jigs
0QqFvqQ9Lujnc7QaYBEw09,Qué Puedo Hacer por Ti,Julio Preciado Y Su Banda Perla Del Pacifico
2FcV7EWU0o8TJrcxRIYGZF,De Wereld Van K3,K3
5rPhKgCvJepHamMqK3OtCn,Vinger In Je Neus,Kinderen voor Kinderen
00ELayJt2o02bMsBr1zxDL,Recuerdos,Juan Gabriel
6FS2xAwHcIPO6YgsQT7X08,Vivir Por Vivir,Camela
2NKiEo5BQNb98MQHCBWCGD,El Polvorete,Lisandro Meza
3A1O4f5sSbnR8v5UFuSHJy,The Blue Billy Boys,The Blue Boys Of Ibrox
1N2gnQFKS5elkiOYlJfx5m,Musik,Dag Vag
7sNFeYVXKInb5Am4OzO0eH,小手槍,"蔡榮吉, 吳爾笠, 張方瑜, 陳姿妤"
4IZBjt4hG9ajtUjKe2zgJD,Kvoldvisur ( Kvolda Tekur),Halldor Waren
6VRptPvTqUbMomT6ebRnMd,Straight From The Heart (Radio Edit),Doolally
5sjIGSnXbw02sjSSgSwKxv,Isabelita,Teresin Jaen & Su Conjunto Alma Interiorana
1hIGuZqS2ZhO7xZugL1A5U,Comment Ça Va (English Version),The Shorts
31AwwPy3Y5KK6iyhLHufU8,Ranking Full Stop,The Beat
5oo9IUzzBm8TBCRBKUCE0E,The Musical Priest / The Queen of May,The Chieftains
1rpYr6LTwuXRT3ITXspsBQ,"Partita No. 3 in A Minor, BWV 827: VI. Scherzo","Johann Sebastian Bach, Glenn Gould"
6Vlip0BuxhbmLywGH8sxpY,Lillebror,Hornumkoret
1ek7qghW5J3Ed6WpJo2Vw2,Preconceito de Cor,Bezerra Da Silva
7hghCod6sKsoSE6c5myofq,La Celosa,Carlos Vives
3RjJ1MsLqkm8YiAgTobfom,En grön vågare,Hasse Andersson
2mPg54ggV9Y8lEOYkgemf6,Am Schützenfest,Harmonica Duo K. Schriebl & J. Hupperts
5B3DTCOYLv4zgEnAsGpT7d,Burbujas De Amor,Mi Banda El Mexicano
0h1uTDvdGhdvR8BgtIHNmm,Pirulito Que Bate Bate,Galinha Pintadinha
3K5sjhg9VMOH5jSw58DHmH,Son Las Dos De La Mañana,Pepe Aguilar
5dncURyoRN89syo3bUtS7h,We're Going to Ibiza - Hitclub Airplay RMX,Vengaboys
3gB3d9Da8qV9XkVWDw7Emx,Kalapati,Juan Silos Jr. & His Rondalla
5hpi1GOOmwBv4C5xRiKBnx,Annie,Santo & Johnny
2TRPiN6o3jMRX6u2acRvp0,Pressure Drop,Toots & The Maytals
7uzfCdCL7MqCbV8ycN32hP,Shuckin' the Corn,Flatt & Scruggs
2Zw5FtdFtvKWg4h44GOv3R,Bad Card,Bob Marley & The Wailers
6TsecX9pmRn9NEUEWk2kP5,"Louie, Louie",Barry White
2hXk6pi1tWdp1eEx20rJLA,Fat Boy,Max-A-Million
1P38S9V6AgGZQ5F3Jc4Pol,Marche turque,Marcel Azzola
4MvGHDenL4t9JW1RHB4rK2,Gotta Go Home,Boney M.
7FVYW5IyR8vcDQkXmPOLJQ,Las mañanitas,Banda Machos
5KlMO0qhbXGN8oYiiZnS4i,Para Poder Llegar a Ti,Julio Preciado Y Su Banda Perla Del Pacifico
72gzZNp3yhSqe9lH0UMn5D,El Inventario,Diomedes Diaz
5Ycf9Pu4A7iqqw9nKdF9t4,In bester Laune,Rees Gwerder
3BqidYUvK4Am3N5zdc7T9y,The Battle Between Mehve and Corvette,Joe Hisaishi
2v0W5GLnV1XFeBMWcY2dZC,El Pintor,"Diomedes Diaz, Juancho Rois"
1eRgClFGphd2MgpyIBsbfS,¡Chas! Y aparezco a tu lado,Alex Y Christina
3HGyXIAVsE4jzpnjw9VJFO,Karunamurthi Gandhi Mahatma,M. S. Rajeswari
0wCms6hBKXQ5fK1auMdCQs,Karunamurthi Gandhi Mahatma,M. S. Rajeswari
7eKuMhEHrlnHnngy1GDXnH,Oh Wat 'n Mooie Tijd,De Evening Stars
3P3G9WIrGbsbND4uvHkLxp,Don't Stop The Dance,Bryan Ferry
7L8FerYRh4j2aGgLnbNJ70,Gotta Go Home,Boney M.
4RPIVqa6ht1blo0TjG9Sox,Just Another Night - 2009 Remaster,Ian Hunter
6m5tCUsLSRhut76IH8Kqc7,Just Another Night - 2009 Remaster,Ian Hunter
4quQqAFZEN33YJ2sxQ1yIj,Arreglá Pa' Que Te Vas,Los Legendarios
0DOiA2jXPKM0HtSwzgkDjA,Pappadum,The Wiggles
6ky62QbRkQK6zYNuHexica,Gracias mujer,Banda Machos
0DRZhpxiRYgr9jhnm8NpJz,Healthy Body - 2007 Remaster,Operation Ivy
3sz4t6HBHjbUcM0UZ9fmuR,Girlie Girlie,Dr. Bombay
5cTfkmmf6244ZojQ3lClgm,Under My Skin,Lovebugs
70PN9Vh9vwwXed3SlRZDZ1,Dialog Im Strandbad,Mani Matter
6bb2wICyVNwYzsh3nD0JGn,Chaparrita De Ojos Negros,El Patrón De Durango
3prGI7hz4h7eDofFRQm6DH,La Tracalera,Los Traileros Del Norte
5wr0zwxSuuAfuG81wHk1ds,Rio Crecido,Los Hermanos Zuleta
6D3nKZphkdW3HTdldqSPgZ,Javel hr. General - 1999 - Remaster,Alice Og Rita
23i2YYyRUNEGbeJoBWXdUY,Los Tres Gallos,La Arrolladora Banda El Limón De Rene Camacho
639Dr8XHHcA3ktUItdUW0Y,Helst Om Kærlighed,Nanna
7loJkH1skgLjYqWfCxN50Y,La Pollera Colorá,Colombia Tropical
3uUmpMpLa2UpNrcinRWtn7,Peki Peki Anladık,MFÖ
0f5Xl325gMuRj2iQPn7I6r,El Cine,Mecano
3qF5DOa2xBNdzmrgo1AnzS,It Doesn't Matter,The Black Watch
7rCbkS4BXcY7gW90YvmScx,XXI Feels Right!,Jejey
0qJWmorcTJIxCHdpX9xdMT,La Vecinita,K-Paz De La Sierra
1d3mQobtKYdYI5wldQZ3Eh,Lo Vas a Pagar,Julio Preciado Y Su Banda Perla Del Pacifico
5NwAkgkkhLNfDPPAWlhsi2,Felicidad Perdida,"Diomedes Diaz, Colacho Mendoza"
5TtCmPVuPzTK45D2ZLFWSw,Ruiseñor De Mi Valle,Jorge Oñate
3o863oLzV4qj53EBCtEAqz,נערי שובה אלי,Margalit Tzan'ani
5AwonnZdZNZrU01JFEvUHH,Os Sete Cabeludos - Versão remasterizada,Roberto Carlos
2Ot6UNQ2H25L18Ll0b7yCV,Halluun viihyttee (Mä haluun viihdyttää),Jamppa Kääriäinen
6RtbJaZYyblBHo1NUWJp04,Ukhetha Bani,Soul Brothers
396apIIwi2la2MY4vWDxOM,Burundanga,"La Sonora Matancera, Celia Cruz"
5AnvCDu33aDuOVLjpTNTS1,Incertidumbre,Teresin Jaen & Su Conjunto Alma Interiorana
1VSv4ER4TSedi8Em33R4iH,A Todo Sinaloa,"Chalino Sanchez, Los Guamúchileños"
0ubU2prEBN7ZZog0ytrM4X,Ruiseñor De Mi Valle,Jorge Oñate
1L5F7Q19yPLlqdoml4gvyb,Pafunça,Adoniran Barbosa
6inmBCITXpAYctgb6tRVBt,Que Vida La Paz,"Tommy Olivencia, Chamaco Ramírez, Paquito Guzman"
3dMD2n1G05E9THpfiOwv6D,Si Me Vas A Dejar,Los Tigres Del Norte
1jfAoZOjRVfHQ83bJ0POnB,"Hé, Niet Zoenen Op ’t Zebrapad",Willeke Alberti
107ef3jYG9jfThdudHfP56,"Invention No. 8 in F Major, BWV 779 - Remastered","Johann Sebastian Bach, Claudio Arrau"
0qDn5WDpJoLs1OzigrTiTX,Jawan Ho Ya Budhiya,Mohammed Rafi
5KEaRCffSMWXVTuxq2xwkp,Ilta Oulunjoella,Tulipunaruusut
4FuE2ckiEmM1ZxKbjvADe1,Musical Store Room,"Frank Anderson, The Skatalites"
0OhTv1Z2I31a0EXUVCJt09,What a funny world this would be,"Fred Hall and His Orchestra, Fred Hall"
2FmBnZbBD65a6hLz5vfA7t,Marilaulu,Värttinä
1MVJ14T4cS43TsBaxpk8qa,Eins Zwei Polizei - Gendarmerie Mix,Mo-Do
4i2TDkP0zm4CxYkmWW6EX4,Porcupine Rock,Jean-Jacques Perrey
2LeECxc9pVxuHPTxkcSU6f,Upp över mina öron,Eriksson Glenmark
2C6Jzqj1SYyH14e4k7kPEL,Sammy Dead,Eric Morris
2kZJSm94WEpXcZJRxLX2ti,Vive Tu Vida Contento,"Héctor Lavoe, Willie Colón, Yomo Toro"
4LSLKExbKNdmMSmHz4KLRB,Vive Tu Vida Contento,"Héctor Lavoe, Willie Colón, Yomo Toro"
0OycqZzjpg3Ug6MUyMqsn9,Bajon de Madrid,Nelson Henriquez
3X0mbvQBFIPNalkTwqE7HR,Quiero bailar,Dorindo Cárdenas
6b27e8J1dUre0H9xBM9rvs,Dear Dad - Single Version,Chuck Berry
63U157DJDN6IDizyWQBeAU,Taxi Szaxi,Hungária
1jMv9L4x1GA56cEd4cnpBj,Martha la Reyna,Lisandro Meza
1lcGmOKmp8xUeH3JC0qPks,Na Sola Da Bota,Rionegro & Solimões
3MkMcblqTBZ24Z9tklS6RK,Ja som dnes chorý,Lojzo
5Odthf0CRIysullhulo7gg,A Baratinha,Galinha Pintadinha
5uwcwTQtmdnHGMXo1peMfX,Martha la Reyna,Los Hijos De La Niña Luz
2nzIXOM6hAF3LVZFCJIYcz,Trompeten Harmonie,GRAZER SPATZEN
5guT09c8rk83qG77YJXzZW,Costeñita,Cuarteto Continental de Alberto Maraví
7x1XnspSdwZOELLZY5Dzi6,Happy Boys & Girls,Aqua
3QBPQpFng4GxJ6hwtENZjO,Lille Peter Edderkop,"Grethe Mogensen, Dragørbørnene"
083muNyj3RziabYY3TkiJB,Como Cambia El Tiempo,Los Betos
4uzt4NLYqLid5Qcewxlb7U,Pohjois-Karjala - Skandinavia Mix,Leevi and the leavings
0IJJNv6BqGA1iaXcCbdheX,La Carta,Los York's
5rAq5A04MbvQYDWKJsKsTy,חג פורים,Dorit Reuveni
2MYPAkbdiAGCkHwyMfhif6,Pueblo por Pueblo,Aventura
3CzvdpCR9JOm9mLit5bNik,Mi Primer Amor,Los Alegres De Teran
0pfElbktR8oEuwQdPmNVZB,En La Nochbuena,La Sonora Matancera
3jax12dVo0hRMfV5KEu1ps,Copánky,Jana Kratochvilova
040OxqR3Hy3AR2knEJHyxn,Tintarella Di Luna,Flamingokvintetten
1GC4e4ljo60cCjagc13KkZ,Dia de Inocentes - Remasterizado,"Francisco Canaro, Charlo"
0Ah6bSnN35sluxy2ZAMjBD,You're the Lady of My Heart,Modern Talking
2SdQiHtnKyLMC28uUzGYBM,Ella Es Vampiro,Karibe con K
6gTAt1nKPTh0ewvobBJyr5,Firefighter Fred,Letterland
1ESyTA3zoEilk4YjzYbjnA,Sombrerito Y Pañuelito,Teresin Jaen & Su Conjunto Alma Interiorana
6qm7ozFRARBhjOfvhygUNn,Fue Tan Poco Tu Cariño,Banda El Recodo
04Xdk7F9HgyHBcAwO7KE3F,Sera Porque Te Amo,Ricchi E Poveri
2NuPXgfdOeOhvzyediwczI,"Lasă, Lasă, Pt. 2",Phoenix
7MpUNwuVeS6o34eZfSyQic,Tai Pilsētā,"Raimonds Pauls, Pārsla Gebharde"
6WPg3EO4CoUG62fqmzQETG,Uche Uche,"Vader Abraham, Vader Abraham en Zijn Goede Zonen"
