07QUDnW5QUY6v3S3B2JreR,Me Tiene Amarrao,Los Hermanos Rosario,https://i.scdn.co/image/ab67616d000048513e24250866d1b661b87d9f70
6rxbkWZIjEKi7Z04xgkfwq,Dolores,Robert Charlebois;Louise Forestier,https://i.scdn.co/image/ab67616d00004851ccc5d0f1b9b7f07ea9f2b2a2
53Wf6uVFYa1Ef1pltkA54Q,(Now and Then There's) A Fool Such as I,Elvis Presley,https://i.scdn.co/image/ab67616d0000485159838571447296980b74a508
1TT9uyWOvsJBWbGKBOUg13,Main Apne Dil Ke Haathon,Surinder Kaur;Ram Kamlani,https://i.scdn.co/image/ab67616d00004851d1c54b87e8a4a39d4546db2e
11asufcHaBN0XUvmvDLhSb,He Man Bhooleli,Meena Kapoor,https://i.scdn.co/image/ab67616d000048519abc41cc19df056d20e79f52
1PIQ6nulyRZklazQgvJ2nI,He Man Bhooleli,Meena Kapoor,https://i.scdn.co/image/ab67616d000048518e8ca741caf8d6f325508aeb
7qxfKQ5qlcunexI4f0qifa,There'll Be a Hot Time in the Old Town Tonight,Bessie Smith,https://i.scdn.co/image/ab67616d000048512f98faab8c3acc66c283cdee
1PdgPj8tdE2OAhH40J4f4g,Cuestión De Piel,Luis Miguel,https://i.scdn.co/image/ab67616d00004851b1504069929fe0a81594eb33
4hKMNlK0t8OLTULXCwMUmj,El Tiempo Que Viví (Viviendo para Ti),Gustavo Lara,https://i.scdn.co/image/ab67616d000048510ce896f4983625b2a2e16a13
3fKheYratKi1PkOcN5harl,Sporta Stundas,New Wavy;Prusax,https://i.scdn.co/image/ab67616d000048518e6b6ce67c0ad9fe15c09f2b
4591VqUIXysNlmI5NcAIUd,My Guy,Mary Wells,https://i.scdn.co/image/ab67616d000048515b50e493598153b926ded824
4ppZEYuozs65Hkb68e8Aqe,Láska Je Lidem Třeba,Turbo,https://i.scdn.co/image/ab67616d000048511351786a1c410c327608df4e
10qda4WmGI3tmQz7OaWhYz,What's A Matter Baby,Small Faces,https://i.scdn.co/image/ab67616d000048510bd5445165dbd8725355174b
0vG3pAYbeuv0UQDjLbJKPF,Boerseun,Jan Bloukaas,https://i.scdn.co/image/ab67616d000048515adce4623404e6dfb84de78a
0ZqnNRGSJ9JntpJeBofTBK,Dulce-I Vinul,Ro-Mania,https://i.scdn.co/image/ab67616d000048511fbecada927af2a698bda24f
0uC3dckCNYMzwtvdqwbm0h,You're Shining,Styles & Breeze,https://i.scdn.co/image/ab67616d0000485184af173c69c459cb31e763ff
57z0IW7iYm1TKcSpAZHOHo,Aktywiści,Big Cyc,https://i.scdn.co/image/ab67616d00004851aa386585787890eeea47b9b7
7FTzm3pKm2hukhfNF8XHq5,Ya No,Ojo de Buey,https://i.scdn.co/image/ab67616d000048512dcd0357986203ccee784ea1
0jaehfKrOQzs0XRbJZH8XT,Stil In Mij (Verspijkerd),Josylvio;Do,https://i.scdn.co/image/ab67616d00004851824ff72db6111a7b4d1327f1
6JzaDXRjRoZR4fSLMxccVD,Mageet Sanat,Iiro Rantala,https://i.scdn.co/image/ab67616d0000485105dfedc51dea8b9ea843dde9
4ZeEflVFyAjuK90U3xh1Qz,Jeg Troed' Du Var Hos Mikael,Souvenirs,https://i.scdn.co/image/ab67616d000048515f5a84be07310387a80a7201
3SIgBSv9D8Nm3CvP0o0Q9Z,New Day,JAY-Z;Kanye West,https://i.scdn.co/image/ab67616d000048514a767758e8ebe2443591c9fd
2p0a81hJ3iKfWEY4g1PJus,Видели ночь,Kino,https://i.scdn.co/image/ab67616d0000485173caf557e03b965d2cee04dc
3iCXviJwyhHlgnvQYl7waw,Já Mám Ráda Boogie,Věra Špinarová,https://i.scdn.co/image/ab67616d00004851e637248f37e9e0b526ea4d23
0oxviiNtDDdrOtqxr2uHfL,Cabriolet,Bonez MC;RAF Camora,https://i.scdn.co/image/ab67616d00004851400cecaeedd03fc26b879a04
7bXMjv5H2E7T0UE0VbeX8N,Humen Maar Chala Yeh Khayal,Anil Biswas,https://i.scdn.co/image/ab67616d00004851513c0932be30bed2675c1434
0inSGij1re7Qn2ZnmnBEgz,Yol Arkadaşım,Sezen Aksu,https://i.scdn.co/image/ab67616d0000485176809077480093eb3a6d554a
7KBws8Xo9UxlQVaPpmBdTa,Now Or Never,Mýa,https://i.scdn.co/image/ab67616d000048516c426f620ba1217eb0a9347b
2U5zWkEohRZjlSytJ1zjfX,He Sabido,Los Caminantes,https://i.scdn.co/image/ab67616d00004851b0383be647ab4a6edb068a07
35PyQF7tMg1yFWqQO9TaVq,Søvnløs,KESI;Don Stefano,https://i.scdn.co/image/ab67616d000048518c9ab1a965f2e4be740dfdeb
1Lyg0T9xKFXIyIj3jHpOm8,Sandra Mora,Velvet Salsa All Stars;Andy Montañez;Maritza Blanco De Puchi;PABLO ÁLVAREZ,https://i.scdn.co/image/ab67616d0000485165799ee888f00b9ca9e5541f
5sUsROzsxUB7gaGhHeQb4N,Champagne Papi (feat. SRNO),Dopebwoy;3robi;Boef;SRNO,https://i.scdn.co/image/ab67616d000048515232f40498569ff4842c037a
6VKuPvvK8tmFuBmCtsf27Q,Indahnya Cinta Pertama,Rien Djamain,https://i.scdn.co/image/ab67616d000048515cfb65fa2e6d7725d7233af2
1CtUfc6raOhth6f0ANYikw,Scream & Shout,will.i.am;Britney Spears,https://i.scdn.co/image/ab67616d000048518165b764264fb3705d7367d6
63TrlEfYLzweNL5zS642rX,Любимец твоих Дьяволов,Jah Khalib,https://i.scdn.co/image/ab67616d000048514d3da5fc5ed0b3081301820e
3NVcnMeAMagU0D7bS9fZAA,Bar da Esquina,Grupo Fundo De Quintal,https://i.scdn.co/image/ab67616d000048512c5e530b7fac773138d27a02
3LRmMWVGsf9mprzLlFLJXR,RANDOM,OBLADAET,https://i.scdn.co/image/ab67616d0000485148fbf5a1523208b13ec28652
50ExyTGkylifo9DGxp9IPc,Cotton Fields (The Cotton Song),Johnny Cash,https://i.scdn.co/image/ab67616d0000485162b5dabfde59c75d294d2c85
2QodXkDpgpyTzSJ7oftvjq,Русский ковчег,Monetochka,https://i.scdn.co/image/ab67616d000048514a4c84a0114cf137a0aee421
2kvJnNMqnimkCZUUWjOINy,Elbe,Bozza,https://i.scdn.co/image/ab67616d00004851d16b975a302bea90cca172b0
7l0LDXTObfCys2klWOKs7L,Hopa Hey,Gidi Gov,https://i.scdn.co/image/ab67616d00004851c82671264c1776d43639bf8b
57rWgEOUeQs9WaAXHMbGJv,Gallo Cantor,Juan José De Mello,https://i.scdn.co/image/ab67616d000048517c72e3974b2bf9afe32e37a6
2mWCOOoBobbQk5eDJMkHcg,Cumbia De La Raza,Super Grupo Colombia,https://i.scdn.co/image/ab67616d0000485190ebb243b753d39e27b77923
6pv2VnKMSF5OX90R4p7oRd,Jaga Orang Pu Jodoh Slow,Sanza Sabila,https://i.scdn.co/image/ab67616d000048513fd6a5ffea4d5fe716b92f5d
1XvQEM3zkDGmTP55qrORgB,Doin' the New Low Down - Remastered,Cab Calloway & His Orchestra,https://i.scdn.co/image/ab67616d00004851a80fde7df526e245d1e20b2e
7hN85R1iGr76nGrRmJzaFI,Neistinn,Sálin hans Jóns míns,https://i.scdn.co/image/ab67616d00004851424dc3de792f76987a085378
6nqA7VwvdOIwdNM6dGjPvO,Lipstick on the Glass,Maanam,https://i.scdn.co/image/ab67616d00004851cbb6a8b428b44b9b91f7c30b
1UILTGnPbjqI80BlLMF3ew,Decepcion,Mac Salvador,https://i.scdn.co/image/ab67616d00004851d5e4e70dadd17590a727dbeb
4ecDGriXJaUIacB043RFAh,Mujer Prohibida,Los Hermanos Rosario,https://i.scdn.co/image/ab67616d00004851733ee7a8bc790007746e0255
4WL0akk6woiPI3PjqCC3r9,Poppa Joe,Sweet,https://i.scdn.co/image/ab67616d00004851a087b55c20710d687320737a
28lZSZTZjIuoO07nACvfNo,Che cossè l'amor - 2018 Remaster,Vinicio Capossela,https://i.scdn.co/image/ab67616d0000485131decf69e40bb08c2d68cd0b
4BmcEVngYRx0ug2C9UuWnY,Multicoloured Angels,Douwe Bob,https://i.scdn.co/image/ab67616d00004851da2fc15dedf5496e6c19efef
7dt8NIkwXx7ZMJFmMDpbhb,Misty Frequencies,Ché-Fu,https://i.scdn.co/image/ab67616d00004851285a20206dd6be33f04b29f4
0fwNv6IVcEig1RvQON7GAT,Amor hace falta,Dorindo Cárdenas,https://i.scdn.co/image/ab67616d0000485155f064fcd1e0f980c13f972a
3xIyTWewE9LFZwy3HklGwE,Esa Hembra Es Mala,Gloria Trevi,https://i.scdn.co/image/ab67616d0000485162f37e07f45488bfecb7eb66
4Q7JGYZ4eWqPNBHBZzEoEZ,Zeit zu gehn,Böhse Onkelz,https://i.scdn.co/image/ab67616d000048517634ec8f0599c66e26ef0456
3Sla9EAitIp3rjt4S6O4md,Lucille,Michel Jonasz,https://i.scdn.co/image/ab67616d000048511ee6dcf194c79fa4b974e7fd
4MLncLMBDF8wOeOSTK2PqN,Strachy na Lachy,Strachy Na Lachy,https://i.scdn.co/image/ab67616d000048516da43304656ce4e86c9278ec
6WlErGBTSQCpceC3h7K1J3,Disapproval,Eddie Meduza,https://i.scdn.co/image/ab67616d00004851278fbc278a47926ef73063f2
4GERduHBPVmh9ECjBtEPA4,A la Mierda,Ska-P,https://i.scdn.co/image/ab67616d00004851fd082c02c7c56459df56ff2a
4CJzgcABf1dMRXxB21LGtP,Poios,Saske,https://i.scdn.co/image/ab67616d00004851081b41e71ff70e8444f9a4df
5I0yfvXRZtOmgFHy9XAuyJ,Sei importante,Gigi D'Alessio,https://i.scdn.co/image/ab67616d00004851b3f07e73aaaa464c13ea7747
2X9fS5gBh6aKAt9sHRfoXY,De Ce Ai Plecat Din Viata Mea,Blondu De La Timisoara,https://i.scdn.co/image/ab67616d00004851439b1a31ce7945f02e95fe4e
6gny3D5FX8hNHlwaixNrY3,Der Lehrer in der Schule,Kern Buam,https://i.scdn.co/image/ab67616d00004851e2ca1a62e9102aeec182f56e
36MoFIDN0D0Mvbo9kkjyhs,La luna de Rasquí,Jorge Drexler,https://i.scdn.co/image/ab67616d000048514dd7aa93d0f6dfae9669885f
6DQGXkbpm17wYHc1TrNPaN,I Wanna Be Your Boyfriend,The Rubinoos,https://i.scdn.co/image/ab67616d00004851dc16fa3dd4c9af7664ba9e7e
4kSSDYmSHTt2YEdW7cdNFl,Patrida M' Araevo Se,Stelios Kazantzidis;Christos Chrysanthopoulos,https://i.scdn.co/image/ab67616d0000485174bb6609737e0827b13e0056
7vgoOlZuerZxoqBUHXGsQ7,Fallen,RAF 3.0;Nazar,https://i.scdn.co/image/ab67616d0000485161591da72fe9ee907daafca7
0R7LeNoPTkcaRgeuDUB8mS,I've Got a Feeling,Mickey & Sylvia,https://i.scdn.co/image/ab67616d00004851ac907c507084d29bc240d291
44Z98ZN5O3Ee20xI3DoRXv,Slowburn,Peter Gabriel,https://i.scdn.co/image/ab67616d000048516b141e77892ab2ccb60cf3cf
6UndT36sE93bO1dVhSYcou,Punto,Jovanotti;Sérgio Mendes,https://i.scdn.co/image/ab67616d00004851f33cdb67bac39e2a96ee07fa
0XI6pdGbkgb2tdp2fqUQnK,Ένας μάγκας χασικλής,Αντώνης Νταλγκάς,https://i.scdn.co/image/ab67616d000048512bef9e1af4a0fa2747626b29
3Q5URFgTK8gBA7EwsSlatW,Amigos Tuve Una Novia,Los Dinamicos Del Norte,https://i.scdn.co/image/ab67616d000048511ea60aefb3da4a069f73d7e2
3JdDBUiZ1UJv7J7RQqxEFF,Green Light,Beyoncé,https://i.scdn.co/image/ab67616d00004851026e88f624dfb96f2e1ef10b
361rw2Gf42arhgFIEugIwP,Pávi ples,Pavol Hammel;Marián Varga,https://i.scdn.co/image/ab67616d00004851e8a0c8ea1f6641873691a321
3GWqZTRh2lYWnco6mWkqpW,Algo Mais,Os Mutantes,https://i.scdn.co/image/ab67616d000048514c4f9ca2a116887fc303cb97
0pIjJyM4SGiH8O8sUx53DS,El Último Jefe,No Te Va Gustar,https://i.scdn.co/image/ab67616d00004851d6ce6709b618615eefa3bb4b
5fE8H2yzKJBSN00iLt8GhR,Tutuklu,Sezen Aksu,https://i.scdn.co/image/ab67616d00004851f04db81e640a5eb9a0904040
6RB9YvNyP0RZfCUcMtZELH,Freedom,Pharrell Williams,https://i.scdn.co/image/ab67616d00004851f3e795a11fd55388843b85c9
1HLdEg9opfVr8Ibprci3iX,Ya Sabır,Yalın,https://i.scdn.co/image/ab67616d0000485168fe2b7af5a3a64ac78660a6
5V6JAi31PxzCcZF9QF319i,Sen Olmadan,Zümrüt,https://i.scdn.co/image/ab67616d000048510191486d0b45a398a1c93f08
3D8iGJ3RwyL7shgAZNXEY5,Devil Went Down to Georgia,Papar,https://i.scdn.co/image/ab67616d0000485104e80f457aa34bc4ffb0f2f1
4631mfG095c6jsRvk3yvKp,Kärlek Vid Sista Ögonkastet,Maskinen,https://i.scdn.co/image/ab67616d000048516e6f8bf26d51894c12612e3e
2iJuuzV8P9Yz0VSurttIV5,Scream & Shout,will.i.am;Britney Spears,https://i.scdn.co/image/ab67616d00004851e6082141bd7c86ae9f11ea26
0smwe2zqTCg0fIffLGUuu1,Midnight Boom,Ir Sais,https://i.scdn.co/image/ab67616d00004851b0da54bb0663679847bc4fa7
1NNnJFLijBtkEDQD9onrZ7,Teini,Maija Vilkkumaa,https://i.scdn.co/image/ab67616d00004851868bffb4e1e144bfdd063ee3
1OBauMEyT0XCKNoZZ9cyii,We'll Meet Again (Single Version),The Turtles,https://i.scdn.co/image/ab67616d000048515839c883ff01c19948c90b1f
1dIs3GTjIhCGfzDqqeH78v,Ég labbaði í bæinn,Vilhjálmur Vilhjálmsson,https://i.scdn.co/image/ab67616d000048518d27475495200a91c82be026
3YeGvXxjKCMOfcrBkMvLNW,Gjennomsnittsmainn,Åge Aleksandersen,https://i.scdn.co/image/ab67616d0000485137047d314b1d7128fbe4c35e
3ZLRQgkLV8DjyLQhYCbMn0,Radios,Emmanuel Horvilleur,https://i.scdn.co/image/ab67616d0000485108bb11b410fdbf7d6a0bdd7f
7Feaw9WAEREY0DUOSXJLOM,Summer Days (feat. Macklemore & Patrick Stump of Fall Out Boy),Martin Garrix;Macklemore;Fall Out Boy,https://i.scdn.co/image/ab67616d00004851d7658a5bf66a2f3f11878bdf
3WW3g2scq0m7ZY5JCxrdWw,Uncle Tom's Cabin,Warrant,https://i.scdn.co/image/ab67616d00004851ca00891c544ffcab44bf7a34
6B1Nz8aw0uNiaTkJx5F7vG,Heading in the Right Direction,Renee Geyer,https://i.scdn.co/image/ab67616d000048519fac0051b5d92ac00a019b13
2QUlMbvD9bL8wHqfsoqoet,Stop The World I Wanna Get Off With You,Arctic Monkeys,https://i.scdn.co/image/ab67616d0000485117997aeea63f3135e3c07e09
0LtS6Og2QHdkqWWTzaHveB,Unidos,Paralisis Permanente,https://i.scdn.co/image/ab67616d00004851c5a0d7e79d0e8078ef8e779b
2Os2zyAXbrv3c8r5L5mhF1,Ballo in fa diesis minore,Angelo Branduardi,https://i.scdn.co/image/ab67616d0000485126d41f0c54093b726eda82e3
0Apm6E1g68KtDzoxHM6p9d,Mami,Johnny Ventura,https://i.scdn.co/image/ab67616d00004851d3ee9f318581488d14dac173
0IGCNc1NMQPEpdRRl8mSez,Sa Re Ga Ma,Kishore Kumar;Mohammed Rafi,https://i.scdn.co/image/ab67616d000048515ce120ba72aeef576882c496
0aQi1JGO1oKWEmKGfvf8TF,LA CANZONE NOSTRA ⟁ (con BLANCO & Salmo),MACE;BLANCO;Salmo,https://i.scdn.co/image/ab67616d0000485129d6faafa718f4b9224d9544
0jReWc6eb3rpd4Wlf1ABWz,I Fought the Law,The Clash,https://i.scdn.co/image/ab67616d00004851de8fe8651db0d7e48feee113
6muCvkC82gvV5I2akgOtd3,Jóga,Björk,https://i.scdn.co/image/ab67616d00004851d5039cb188e9187cf2fa11bc
0SgZORaLiNaP88rKL6MK5Z,That Ain't the Way to Do It - Take 2,B.B. King,https://i.scdn.co/image/ab67616d00004851767eac3187c2ba6be7178e6f
5ORUvlaVwVaAOhxpqdHGOS,That Ain't the Way to Do It - Take 1,B.B. King,https://i.scdn.co/image/ab67616d00004851767eac3187c2ba6be7178e6f
274QTwY2sn28zdp2keZikb,Beat of the Black Heart,Aloan,https://i.scdn.co/image/ab67616d000048510e2956448eff92120815439a
4cKnOBKniYNOEaSd9O41Pk,Keep Passing The Open Windows - Remastered 2011,Queen,https://i.scdn.co/image/ab67616d000048515be5f807f6f0549e198a44b4
4SFvpwgRH9cWRmHQc9Ysy7,Cohiba,Daniele Silvestri,https://i.scdn.co/image/ab67616d00004851b9cc4778072359a2cff37d1b
7t9b4aZQGqlOXExipRB7XG,El General,Joan Sebastian,https://i.scdn.co/image/ab67616d00004851cca7e87e6401eb7e41804294
4L0CzdxeWUV9iKGUEFVRMg,Porsche,Sidoka,https://i.scdn.co/image/ab67616d000048516f0c86df8585463541cf92fb
3MBEoNV8Ww75uQtrH8KpPQ,Fairytale Gone Bad - Radio Edit,DJ Gollum;Felixx,https://i.scdn.co/image/ab67616d000048518e185cba6d4a678a4d33593d
5opT9cKnqOPntVacluE2mT,Neend Churayi Chain Churaye,Lata Mangeshkar,https://i.scdn.co/image/ab67616d0000485147c7a51d92ec962d80b8ef3c
3iCWM65OlwBaLPyWhsQWhJ,Tres Canciones,Diomedes Diaz;Elberto López,https://i.scdn.co/image/ab67616d00004851dc64996f9372fc6faaa5b109
2m1g401wXqOBfBV6407KO3,Yeh Reshmi Zulfen,Mohammed Rafi,https://i.scdn.co/image/ab67616d000048517c0df4ef4daa83a1e4534bd7
4HXYP6cpEuJO7ikYR1jMJu,El Deportado,Los terribles Del Norte,https://i.scdn.co/image/ab67616d00004851b2b68c9b2aad53b107798980
1V8ifw9RMu4POXjbqJmZKE,Sa Re Ga Ma,Kishore Kumar;Mohammed Rafi,https://i.scdn.co/image/ab67616d00004851517d2dc019c0e9df4b1a4936
1VhgBmsrcDRs9MufbVnD4Q,Dernier soupir,Nekfeu,https://i.scdn.co/image/ab67616d0000485176370f7e9d19f210360186ca
3laoLNT7EoRIrdItt64vDr,Little White Lies,Dinah Shore,https://i.scdn.co/image/ab67616d000048511221f2051948561cb87d48d6
3n4O94Y3KoiYx9ppjtQUj6,Let It Whip - Re-Recorded,Dazz Band,https://i.scdn.co/image/ab67616d000048510523247d23a8463bf8823c41
7s0uxmz95DKgVbMj9rX6TM,夜歩くプラネタリウム人間,Kinniku Shōjo Tai,https://i.scdn.co/image/ab67616d000048512b2a5b921814230afc992b18
0sljuIAEozVh6FoSA3d2Yc,Stay Free,Ashford & Simpson,https://i.scdn.co/image/ab67616d00004851fbaff1d97ace9bd5f16e3979
6kzWaEpWMwUBgBE6Tn54jj,Yeh Reshmi Zulfen,Mohammed Rafi,https://i.scdn.co/image/ab67616d000048517332ce1d364e5b3f87708e99
0NLXfsnpxEmgWmmaLUNLvG,Ipso Calypso,La Sonora Matancera;Celia Cruz,https://i.scdn.co/image/ab67616d00004851f399d90dd86497b304a05f61
6cwemXIKrAQeP7TMErGwM3,Isle Of Flightless Birds,Twenty One Pilots,https://i.scdn.co/image/ab67616d000048514f5687326079d90e731a10a6
6Vf9rOr5wYm0VBytTkuVNu,"Gina,a bestia",Dolly Roll,https://i.scdn.co/image/ab67616d00004851c23349ccd89fd65fbddd31e9
323j6tC9AXVmpjmheP4IGi,Solidarität,Ton Steine Scherben,https://i.scdn.co/image/ab67616d00004851f2ce63c0a24cd9e4e3bff4a0
3FB3zXOzw6s066hbbeDAtX,Vivo Sin Ti,Los Silverton's,https://i.scdn.co/image/ab67616d0000485182160c633206db7530007626
10xfHHUQuxwrHEHekqjB5v,Daman Kisi Ka Chhod Diya,Sitarabai Kanpuri,https://i.scdn.co/image/ab67616d00004851baf8456016c29f465fce8a00
3evTG0FJEHFYmgOeFgPo0s,Meet Me Halfway,Black Eyed Peas,https://i.scdn.co/image/ab67616d0000485108c63cf0aa88f47866a9df01
4XMIbbeZk44GvTVqCLNUdr,Kanya Kumaari,S. P. Balasubrahmanyam;S. Janaki,https://i.scdn.co/image/ab67616d00004851653a32c6d600d6a439cc1aa5
70JRtIRwyguKYM943Or3kr,Tere Bin Nahin Lagda,Partners in Rhyme;Nusrat Fateh Ali Khan,https://i.scdn.co/image/ab67616d00004851c3a57707ccbb8dc512a619f2
3w9zHVKI28aUPZTxq8oDC6,Electric Eye,Judas Priest,https://i.scdn.co/image/ab67616d00004851475bd4fb40ba687fbf002c82
7lSDCrF11sdTVfjbAQVZE8,I Fought the Law,The Clash,https://i.scdn.co/image/ab67616d0000485157f627f712e7060d287dd732
7cdnq45E9aP2XDStHg5vd7,Cherry Bomb,The Runaways,https://i.scdn.co/image/ab67616d00004851a1c553575418ca43404cb48b
0mpPDlOODLemmTf4mBEHqE,Cherry Bomb,The Runaways,https://i.scdn.co/image/ab67616d0000485163d98c1f66302907f339f1cc
48MRnIDd36Zp5XxFgYfEHg,Por Amor al Odio (Versión Jazz),Rafael Lechowski,https://i.scdn.co/image/ab67616d00004851f777c3e7fea34bbf05185b08
5Ck3e6z1bcSCes5gdo0Ddt,Bed Peace,Jhené Aiko;Childish Gambino,https://i.scdn.co/image/ab67616d00004851a0fa057b8ad3f3c4969f0c97
5mrQgbzwNfujVu8vw1BUa4,Zkouším žít - Radio Edit,Poetika,https://i.scdn.co/image/ab67616d000048512aa3718d4c8dc3a29ce4e648
4aO5ueFOBGTf4eJEH5xTVe,Dziwny weekend,Breakout,https://i.scdn.co/image/ab67616d00004851fbae76d2219e70f92f0521ee
2oZ3ecRDIggJBdTqxMoeXr,Vete,Flex,https://i.scdn.co/image/ab67616d00004851482c72d559f0581e210f0a3c
7se6CYuwym4G6v2QtkvRgL,Ena Fili,Haris Alexiou,https://i.scdn.co/image/ab67616d00004851541d2beb95bf174f0bca1347
70rwORUqSNV96x6Fxv5AVP,Запомни I love you,SHAMI;Rauf & Faik,https://i.scdn.co/image/ab67616d00004851a699702a172a5e8a5bdbbe03
4KzPPxMOlXgisZFtiTBDFC,Mmm Sarrrap,Kamikazee,https://i.scdn.co/image/ab67616d00004851a89f8feae6a6ebba1b6e6825
6P6o9pPFIYMxxnEhsvgfJA,Yeh Kya Hua,Shreya Ghoshal,https://i.scdn.co/image/ab67616d000048512564dc1c832dbfcb95b2dc13
1SdQRRWEDanG55QtUPuiUn,"Milan, Madrid, Chicago, Paris",Jay-Jay Johanson,https://i.scdn.co/image/ab67616d000048511bb926b9f7aa6c09e32dff41
6I4lJtgByNvXWmKpZN6tb2,"Milan, Madrid, Chicago, Paris",Jay-Jay Johanson,https://i.scdn.co/image/ab67616d000048515b213e9e581cad027a77af1c
3KspKMONxtAbcoQM1TFdaY,Da Doo Ron Ron - Mono Version,The Searchers,https://i.scdn.co/image/ab67616d00004851df1bfa593e6fecbe30c150fb
4yshHBPp0MoVynV1sMCKV3,Send Me On My Way,Rusted Root,https://i.scdn.co/image/ab67616d0000485126c45c901451c5199606a8eb
2dUrX0PNlWncN63zDL22Br,Aribu,Elsie Houston,https://i.scdn.co/image/ab67616d00004851a4eb712c451db987e1640fd7
3ieEsGFGCgsmyU2imlsZql,Y Te Vas,Pecos,https://i.scdn.co/image/ab67616d000048518cde670a7281a2e3279e3682
6rcsmi7Z4XQM0L5CxxovFx,Follow Me Up to Carlow,The Wolfe Tones,https://i.scdn.co/image/ab67616d00004851d1530d533eb1dd65438c0e3c
0e7ipj03S05BNilyu5bRzt,rockstar (feat. 21 Savage),Post Malone;21 Savage,https://i.scdn.co/image/ab67616d00004851b1c4b76e23414c9f20242268
32p61ZupLMMk5OS9Dapl6Y,ผีเสื้อราตรี,แคทรียา อิงลิช,https://i.scdn.co/image/ab67616d00004851e2d197d8a53ea11bc9773375
73XJEGF5eMFouat57YlNhL,Men In Black,Will Smith,https://i.scdn.co/image/ab67616d000048512029ae070d2e3205efd3cce0
0A5ivBfufB2UaIoS1HyIEm,What's Behind,Mad Sin,https://i.scdn.co/image/ab67616d00004851a7823205a2abe0e7c428c23e
2KmbupxxeZw06TaIfEstbt,Dance Around The World,Richenel,https://i.scdn.co/image/ab67616d000048512fa880208a9bd59c0c06a7fe
2OCDwRtjbmAVZaiF93pDn3,Thathi Sgubu,Bongo Maffin,https://i.scdn.co/image/ab67616d00004851a51571c1f94f7aa8c0e6e1d2
5IjtBZpN78t7k9H5LzK89U,Tere Bin Nahin Lagda,Nusrat Fateh Ali Khan;Partners in Rhyme,https://i.scdn.co/image/ab67616d0000485151986087d173b4cdf77121e9
3qPXG47CdtwMS5ZuZPrn40,真的想你,Alex To;Shunza,https://i.scdn.co/image/ab67616d00004851022f8845207c96195c76cfaa
2HaGLUucqMpy8MZdyQ6rZj,Partytime,45 Grave,https://i.scdn.co/image/ab67616d000048512f146eec6fdb6ae194e1aebb
4jYXs4UFivmqmDfBDEeu7Z,Been Bajaun Tujhe Bulaun,Mohammed Aziz,https://i.scdn.co/image/ab67616d0000485185b657159cebfcf4eb61e8ed
6tKQwnGgCobzLkCE5qhyWk,Strazce Plamene,Frantisek Segrado,https://i.scdn.co/image/ab67616d00004851307cc1a56c1808d5eda02854
4XLHYMWztYh0qoylCPzjp9,Lihavat on lepposia,Seitsemän Seinähullua Veljestä,https://i.scdn.co/image/ab67616d000048510ba79bcbfa1c120666d2b7bc
5K0IDkiRMUWEJc91JvMH9c,The Honeymoon Is Over,Whipping Boy,https://i.scdn.co/image/ab67616d000048515dff80261213512d0b7ebae4
2tIn5mTInssIGDNstvWAB3,Nadie Que Te Quiera,Antonio Cartagena,https://i.scdn.co/image/ab67616d00004851c39cc373e1ac790145d73e83
6gCf6Gfjd2ea3R714H7sxC,Heite Hilde,Hellbillies,https://i.scdn.co/image/ab67616d00004851ccf580e6829aa43a45346dca
1s9KXtm2FMA1HeXuPkgpxD,Rita Ritaki,Haris & Panos Katsimihas,https://i.scdn.co/image/ab67616d0000485160c0ede26764388bc51fa357
78GwAwQg73gt4w9ucbWbO0,Ships In The Night - 2018 Remaster,Be Bop Deluxe,https://i.scdn.co/image/ab67616d000048511680cfa36618faf12c9dbabc
2IIU7WhBLvqmeWnXhty7Ek,Ô Fortuna - Radio Apocalypse Chorus Edit,Apotheosis;DJ Patrick Samoy,https://i.scdn.co/image/ab67616d00004851980f03b06d9d37a8bc2c4471
7cJiL8UucUxjJBHkiesxjG,Everyone Is Jesus,Di Leva,https://i.scdn.co/image/ab67616d000048510c59e978c7509d25aaac6bff
0wWJiF6PjvStc95c71Hhz6,יש לי חברה,Teapacks;The Adler Trio,https://i.scdn.co/image/ab67616d0000485123507323ccbdfeb6fac23754
3OcZXm1DAouAJEI2MxkNeO,Confident,Demi Lovato,https://i.scdn.co/image/ab67616d00004851d985734789cb3818d8075356
4V9tEarJlGtezFPSWXwE2R,Confident,Demi Lovato,https://i.scdn.co/image/ab67616d0000485156d17e18782f86388f514276
5XCDBIsSSoES3BErrnafAO,Confident,Demi Lovato,https://i.scdn.co/image/ab67616d00004851caca8f4dfdba99fd55a02b3e
3FfIlm2UimecgMto8a5Rtf,Maa Sherawaliye,Sonu Nigam,https://i.scdn.co/image/ab67616d00004851acee172c40c21c9b9374fcdb
2iAy8pc1c5qEyHBETuiVP4,Running Out - Live From The Studio,Astrid S,https://i.scdn.co/image/ab67616d00004851669025dc0057dbaea31800a5
2WXJVDiKw656YFWHeyAoOb,Lusikat,ABREU,https://i.scdn.co/image/ab67616d0000485154196f63df39c2e5be154169
7l698dvyy7hhcWQADnZWeP,Get Loose,"Evelyn ""Champagne"" King",https://i.scdn.co/image/ab67616d00004851b27e746d9cae8f8ae1b9fad9
4b3UYHaYfUb1V546Chw4to,Metal Queen,Lee Aaron,https://i.scdn.co/image/ab67616d00004851c499e8c782199a1dfb6b9c56
6E0e72KGbUH0tf0kZcu6St,My Girl,Otis Redding,https://i.scdn.co/image/ab67616d000048518f2e2804d068b8ed79f15979
5DkkMpLWTxNLG6XaqZaH7c,Si Te Aceptan,Maxi4000,https://i.scdn.co/image/ab67616d0000485146d5231e34bd5f310223b5fa
0eNogDKWE2kLSfSz3OB5Ro,El Brinquito,Los Reyes Locos,https://i.scdn.co/image/ab67616d00004851719380de629ce97fcc1db6f5
7nXMmChwx43oXV61cN1zIr,Tuff match,Ulf Lundell,https://i.scdn.co/image/ab67616d00004851bcac0fe0807ef314627b1ab3
3OLqeahhbfVNHZI5mLweOZ,Te Vas,Zion,https://i.scdn.co/image/ab67616d00004851f4371bfd653207b5def22d80
03JbYQiWdbNU50NmmSU6q3,Mi Razón De Ser,La Tropa Vallenata,https://i.scdn.co/image/ab67616d00004851d5921249f176836e8507d33e
1ekXAItxSdpL4BK4sUYB5V,Me Prendiste Velas,Oscar D'León,https://i.scdn.co/image/ab67616d000048515be6672cae73e21c7a8729e8
72LpgXEUlfjT0twa1YlJGs,Los Verbos,LosPetitFellas,https://i.scdn.co/image/ab67616d00004851873cbd4a7f62f6113b970fa5
7dbNC7CvnkAxrMOFDwdqn8,The Garden,Guns N' Roses,https://i.scdn.co/image/ab67616d00004851e44963b8bb127552ac761873
71e0ZQRv0Zv6hNVQqGtTFP,Cuma Manusia,Kerispatih,https://i.scdn.co/image/ab67616d0000485120b15bf33f31c54dfe477d1a
3mRlFZHUyvJbPTlkzg4LyJ,Roses,SAINt JHN,https://i.scdn.co/image/ab67616d00004851148e1f0715c7e9c1034d722c
2kDCcsW1rSwBHvkOuFWp6I,Ola Olaala Ala,Karunya;Ranina Reddy,https://i.scdn.co/image/ab67616d000048516ff0ae5db5266feff0d5dbb9
6X7uctTsJgW7wzqkFtSthi,Met Jou,Yade Lauren,https://i.scdn.co/image/ab67616d0000485135fcd7524af170370f478368
28BJuDN5yTvb4G1BXN90Fi,Dokola,Sima,https://i.scdn.co/image/ab67616d0000485155109c81c2bbf5a10e0b0f13
00WO1oBxZcj9aBoeiODXDx,Tavallinen,Keko Salata,https://i.scdn.co/image/ab67616d00004851949edb54ac4a87691154943e
1ruaLnFk2kciAKa68DLggN,Pica Que Pica,Vicente Fernández,https://i.scdn.co/image/ab67616d000048514c77c053f485b47f46194391
1JSgebRsFivp3pcnXq8FgK,Un Matrimonio Abundante,Chanito Isidrón;Las guitarras de Ojeda,https://i.scdn.co/image/ab67616d000048511e86ec96388af085c71885f9
6IXzp63q7640KoaDDQCHgy,יותר מדי,Mofa Haarnavot Shel Dr. Kasper,https://i.scdn.co/image/ab67616d0000485116c4acbb143d5f6d327cee3d
15LfHBNBrTKHGce4SNtOR6,Sztorm,Donatan;Cleo,https://i.scdn.co/image/ab67616d000048518e78f57249417ce7d536a729
7zDQIADTXZL6XcXFGINjOf,Serei Luz,Natiruts;Thiaguinho,https://i.scdn.co/image/ab67616d0000485123edad1ed98a366d24b38b96
38XU6mBWpAreQm8veBqB93,Jag kommer,Veronica Maggio,https://i.scdn.co/image/ab67616d00004851ee096fa84b96a033df9ed281
0NofT0qVdcsdc2b4iayTIQ,Rocktóber - Remake,P. Mobil,https://i.scdn.co/image/ab67616d000048513afc15757698a00a266fe6d7
2M8tI5gnzbtV2Cy4jejI7e,Luxury: Cococure - Remastered 2018,Maxwell,https://i.scdn.co/image/ab67616d0000485121a33aa2a395b35ae144e65a
3QICcjYHXUZmMTecEMmaZu,Bouteille Sur Bouteille,Massilia Sound System,https://i.scdn.co/image/ab67616d000048518933ce45d16385703054bd5c
6fWbFO52DovtCn3UIWQ7BJ,Fever,Susan Cadogan,https://i.scdn.co/image/ab67616d0000485118c26d845a99b8885824feee
6rnWOVn9zignBdC1STF1BI,Vakantie,Rein Mercha;Gitano Kings,https://i.scdn.co/image/ab67616d00004851e806b5e3b7ceaa5c86d02147
6vTPzTw4pN6kE7IkrqTSCd,Tropicalia,Beck,https://i.scdn.co/image/ab67616d00004851e04008db109d5b52c34245aa
2vq7r40Q8sijwGvA45Lku2,Steeplechase - Original Take 1,Charlie Parker,https://i.scdn.co/image/ab67616d000048515412e6e612de8fe2bdaefff3
5XKUTawRWuTb8edaGn38gB,Vital E Sua Moto,Os Paralamas Do Sucesso,https://i.scdn.co/image/ab67616d0000485191cc8c9376244dfd76b636b3
4hWPxD69dKCMpdyd0vPwJr,MOOD (feat. VillaBanks),Madame;VillaBanks,https://i.scdn.co/image/ab67616d000048516be4d44fb07356de3c3d8df9
0w6b1Q91ovstlBuOWxg0uh,I can't forget,Kmspico,https://i.scdn.co/image/ab67616d000048512b5036bf0576429c831de0ad
6YdSbaH9eZDthLYfQbnNfa,Mis Algarrobos,Alicia Maguiña;Oscar Avilés,https://i.scdn.co/image/ab67616d000048516b7fde760318085cdae54456
1fLmYtHnL7Zbke4XWbMqct,Puncochace,Chinaski,https://i.scdn.co/image/ab67616d0000485172c755777d812567c0945d54
39GnBwOz5SPCO7cdYdecpD,El Último Jefe,No Te Va Gustar,https://i.scdn.co/image/ab67616d00004851e73cfb1faa1d5bde8cc96c08
6P72m7hWTePG0wkDdDgHV6,Ku T'lah Jatuh Cinta,Agnes Monica,https://i.scdn.co/image/ab67616d000048511865923c37bb084ccf33abbd
00NNd1BFzQQzZe4UcvZIzB,Pints of Guinness Make You Strong,Against Me!,https://i.scdn.co/image/ab67616d000048516e1443071268009389a6e6bd
7BphsE9Q6yXidM7y4U4rg6,Wybaczam Ci,Agnieszka Chylinska,https://i.scdn.co/image/ab67616d00004851fe2ab45530e36f4b351c7fc6
3LmzaazAk8DNwkwg6KqZId,Danger (feat. Denom & Blasfem),FERNANDOCOSTA;Blasfem;Denom,https://i.scdn.co/image/ab67616d0000485139724d2dbcd22dfbb2a6c9c8
7fPeYkxfPi3ig1OSvR5C1Z,Scaniakusken,Tomgang,https://i.scdn.co/image/ab67616d00004851c083f7272f8e457077955c3e
1LSZEJa6SYKm6lh0mpmHyj,Tout le monde veut des lovés,Lacrim,https://i.scdn.co/image/ab67616d0000485169db794590452e2c288677fd
6Jzj3LBcd6avkvI0JfnDBu,Dzieciaki Atakujące Policję '98,The Analogs,https://i.scdn.co/image/ab67616d000048519663cb45a89b72b1adcaa854
6nY4aNw3W6WJNtkbcOL0g2,Give Me A Clean Heart,Fred Hammond;Radical For Christ,https://i.scdn.co/image/ab67616d000048517a33fa106db04120a0232a90
0cDSTAVp5u1KxYkP0MujmW,Музыка,Nautilus Pompilius,https://i.scdn.co/image/ab67616d00004851be8aca2688be3c4fcb3ceb75
0l5PzF6PwMe4zPJs2MxlZO,Bir Sevmek Bin Defa Ölmek Demekmiş,Barış Akarsu,https://i.scdn.co/image/ab67616d000048519e5d268b2d04c5d75a72e4d6
0EaJbX00j9FAokIWvbyKpU,Qué suerte he tenido de nacer,Alberto Cortez,https://i.scdn.co/image/ab67616d00004851452911be2ab7248550ac1d96
17pa6fqg4NAyrg1SFHAydC,How Many Miles Must We March,Ben Harper,https://i.scdn.co/image/ab67616d00004851662ae319e9f61635425ea723
7bmrD73FspvzKdvmzbjpIw,Strēlniece,Republic,https://i.scdn.co/image/ab67616d00004851082de4e6afd656010e548d6b
3R5dlgYzG793fcY6niY0ES,恋人を射ち堕とした日,Sound Horizon,https://i.scdn.co/image/ab67616d0000485107c31d2c97c1d2f508f0118c
3PRsFXrECKkYNkpqkvD7aR,Bűvös Vadász,Péterfy Bori & Love Band,https://i.scdn.co/image/ab67616d00004851aff60998316853632242d47f
27n4LEux2x5xpcKMk9jqwv,Doreen,Herman Brood & His Wild Romance,https://i.scdn.co/image/ab67616d00004851f41ec39d509cf049823e1af6
5rE6vTzGxZESYUv8KErMqM,"Bejbe, Ti Nisi Tu",Elektricni Orgazam,https://i.scdn.co/image/ab67616d000048516714e3c0a374be3eb08d4363
2iSiag9InFvR7jmN8glaRN,"Bejbe, Ti Nisi Tu",Elektricni Orgazam,https://i.scdn.co/image/ab67616d000048518ca3db7a5b19f31d5766d16e
3E06IP5G3iA1cFK3CRQiW4,Pieter Van Zyl,Robbie Wessels,https://i.scdn.co/image/ab67616d0000485102e046b3a9b7d4c203fc0148
2QDRje8o5jOasNIWAx7OQe,I Only Want to Be with You,Bay City Rollers,https://i.scdn.co/image/ab67616d0000485122ef9e04225fa96b33c42cc7
4TNRYitKyKfgmDv74Y8Gxu,I Only Want to Be with You,Bay City Rollers,https://i.scdn.co/image/ab67616d0000485162cefead40c019654984d8e9
1DyjZB553roKl5Vg7ni4rc,Get Loose,"Evelyn ""Champagne"" King",https://i.scdn.co/image/ab67616d00004851150dc4c042b5c9cf82dc0758
1LPTindVZ0BXVmfZrmNw3D,Беги за солнцем,Aria,https://i.scdn.co/image/ab67616d000048511759de00dfdce6182b45f0e9
6JqhmkoYDwfxZW5WvJyf6d,Never Shut Up,LOW IQ 01,https://i.scdn.co/image/ab67616d00004851a184c9fd271fb39b23a1a2b8
06r30bE8T4VXXN7hI9o93L,Ain't Got No Home,"Clarence ""Frogman"" Henry",https://i.scdn.co/image/ab67616d0000485127bdb074064403fafc9c97ea
2cHyxlXpxSmQz2CbSXHe5Q,Dove Ho Visto Te,Jovanotti;Soleluna NY Lab,https://i.scdn.co/image/ab67616d00004851f33cdb67bac39e2a96ee07fa
49mxNPIdeEAqJTcQBK6XGZ,Oruvan Manadhu,T. M. Soundararajan,https://i.scdn.co/image/ab67616d000048519a22282d96ec0fbcfdcf6b95
3PXDwfIPvGVyQgXx6NnTyi,Walking Blues - Remastered Version,Bonnie Raitt,https://i.scdn.co/image/ab67616d000048516f1ffb635f599c7cad59ceb1
7EYpudE7D6sxrpNoVjbXUm,I'm Gonna Break Every Heart I Can - Remastered,Merle Haggard,https://i.scdn.co/image/ab67616d00004851d1a010d6d61b67bb1cac9fc9
47rqifpRKxrEzuZBTmyfuL,Va' chianu chiano,Leo Ferrucci,https://i.scdn.co/image/ab67616d00004851271af3314d2f8e58ebe8ef46
3FOaym5lHj9N5QcDIgQXQ0,Janaina,Otto,https://i.scdn.co/image/ab67616d00004851ceee24ffaccfa82bd0555095
4Pb7LiXb05wkawPodTMdBM,Heartbeat,Margaret,https://i.scdn.co/image/ab67616d000048513522c287d80de513b1c8326f
7dIgUZeM6W3CmU7899EMFH,Златната Рибка (Zlatnata Ribka),B.T.R.,https://i.scdn.co/image/ab67616d0000485176a68659566779d00de5d4af
0Cjme5TZJBiWoIfFLToJ6z,Djourou,Tiken Jah Fakoly,https://i.scdn.co/image/ab67616d000048514bcd2e00909bb593eeba5563
17tP4cgZZ6h2rYfNXVyknA,Oruvan Manadhu,T. M. Soundararajan,https://i.scdn.co/image/ab67616d00004851b99f450fc656ec8335a8702a
7whyLhLqIbgCFerm0Hohkm,Just Communication,TWO-MIX,https://i.scdn.co/image/ab67616d000048510d7d9bf588231e93060eb9ef
6Vp1Wwchc99rhbfwJ27ODV,JUST COMMUNICATION,TWO-MIX,https://i.scdn.co/image/ab67616d00004851c21bcf85310d61d0b09b60af
77fnwiIbXuAxbuws4zCrk1,40 Years (Radio Version),City Blues Connection,https://i.scdn.co/image/ab67616d00004851e2ac8c85785c9653263609d4
2z3joGXrdGL2iEjIKQTiN1,Ville Mentality,J. Cole,https://i.scdn.co/image/ab67616d00004851f4ca75192df162f78a24023e
4IfXjMIadfxUfJiDLrsvyb,Podi Dan,Julinho Ksd,https://i.scdn.co/image/ab67616d000048518f2f867628ae88ea84281728
1P83JLGQz1XXCJ5hTMGRMY,Driven By You,Brian May,https://i.scdn.co/image/ab67616d00004851a12daf02bea0c11ac2be610a
4AKtpixRxtQQhy7OCYJbhL,Tu Secreto,Elvis Martinez,https://i.scdn.co/image/ab67616d0000485147d42fed8ce25bf8898068da
5poFL2rgmsxieSRNuIWki1,La Ventolera (Canción Marcha),Lola Flores,https://i.scdn.co/image/ab67616d00004851d425eeea38d32775b8555b80
7BG8BwW3Bhdq4PnZmjDBRm,Selling The Drama,Live,https://i.scdn.co/image/ab67616d00004851a71b0e20e56c0916fb91b091
2tXyWgm79GTNWUkqx4PZZa,Aaja Papihe Geet Suna,Geeta Dutt,https://i.scdn.co/image/ab67616d0000485155323a9f46e07bb455f370dc
6rx6Ew1sday1KvsnD4HNdI,Tropicalia,Beck,https://i.scdn.co/image/ab67616d0000485125e51318194fdc2dbfd601a5
7aN5Dd1mTrZei6Tt6ZhzI2,Brand New Cadillac,The Clash,https://i.scdn.co/image/ab67616d000048516e49cf8fd2505d4dc5368403
38wD3J0WCqcBhIYgpBzmwB,Simplemente Espiritual,Gian Marco,https://i.scdn.co/image/ab67616d000048513c3a7e46987e55da3e8fb31d
2bAWX9fZsHAdXf1Dz3T2b5,Zušu dziesmiņa,Livi,https://i.scdn.co/image/ab67616d000048513ca9f6041bb44d7fd702d567
3F8CZ0gyLFWwyKj4hqV1Yf,The Painter (Version One) [BBC Sounds Like Tony Brandon Show Session],Deep Purple,https://i.scdn.co/image/ab67616d0000485125e7fd2f54f8c1965a9d17ca
779vavsamA2F4rE1mdadjR,Cuando Tu Estas Presente,Zeo Munoz,https://i.scdn.co/image/ab67616d000048518cfdab122e9fcc858a18cdf8
3EyfjHy0WQLG0sS6Glex90,Sopa De Letrinhas,Engenheiros Do Hawaii,https://i.scdn.co/image/ab67616d000048512f1e1fff96899d9181def62e
3B3igCE6UYjbuV48q8oH7b,Mes Negalim,Sel,https://i.scdn.co/image/ab67616d00004851fc14310ece2dbd8418ac1d0c
3v5gvqRSeFNd5SdqDbfBfv,Mondo In Mi 7a,Adriano Celentano,https://i.scdn.co/image/ab67616d00004851c17de5eff0f411ee66f133dc
2UDMeklpmOfq8L6wI75ysa,Buena,Manuel Medrano,https://i.scdn.co/image/ab67616d00004851ebc076c70b9dcd28618dcb37
4V4RT8cknokBArGTH9qq1Q,Run The Engines Up High - Remastered 2015,Roy Orbison;Alex Orbison;Chuck Turner,https://i.scdn.co/image/ab67616d00004851cb101cf14c82b027ab4a210e
64Fbj2pEgtaQoISCBq2x4w,Peace - Remix,BlackWood,https://i.scdn.co/image/ab67616d00004851dc547c6053663d94d7a5308b
6bcvvbIU2BWqdY5WmCYlaR,Pilot,Blue Cheer,https://i.scdn.co/image/ab67616d0000485185bd416f0c2b42dc2abeee0a
5yWLZi8rUzi0fK09K4fHnM,Bomull i øra,Vazelina Bilopphøggers,https://i.scdn.co/image/ab67616d0000485105528414272fc3ce135647d7
3irPN6KUz4syXF6CVSm9jt,אני אוהב אותך לאה,Shimi Tavori,https://i.scdn.co/image/ab67616d000048517f44fd2efcda78c27b1b1173
78dbqYDvx6FOefROApu9w0,Inevitable,Shakira,https://i.scdn.co/image/ab67616d00004851bfcff1dd252b22bba16a2a5d
3WaRG5kgUFXpnD1vzkUEN8,Don fifi,Domenico Modugno,https://i.scdn.co/image/ab67616d00004851c325dd7e3d7f88b4d55d66de
28srhYPr9Ghmu3keyIcnFc,Qué será,DrefQuila,https://i.scdn.co/image/ab67616d00004851e6301305e0a0d7ba2f0e190a
77UAB5hIOFj1yx2CIvIkdZ,Bang - 2012 Remaster,Blur,https://i.scdn.co/image/ab67616d00004851a355f0a8cd8324394ac166c0
6BGrWFFFMB5X4E74pdaPzw,Ha - Ha,Milena,https://i.scdn.co/image/ab67616d000048510176ce88b4c77345899e9e3a
6wACMkiv7Y130tXmNGl8ig,Ха-Ха,Милена,https://i.scdn.co/image/ab67616d00004851538e64406ba323f2244503d5
6so3S5seC3pH1Rt78ICIYX,לייגל אייז,Hadag Nahash,https://i.scdn.co/image/ab67616d00004851744527f72472d3e0bc445110
0CGZFNSkdvzrgZlgAnPubx,Logia Logia (Mia Statistiki...),Rodes,https://i.scdn.co/image/ab67616d00004851063ded3a1bbd16954d4c906d
2S2pucEIc2ZisqpqOYwKH0,Bana da Söyle,Ziynet Sali,https://i.scdn.co/image/ab67616d00004851c729937b0cc6968ef12929ad
3MoCVkwtFocSsZktSMCxBn,Junco Partner - Remastered,The Clash,https://i.scdn.co/image/ab67616d000048512791862e3d0be4fab0781230
1rsNDHs3ThBJyDY6GYd5cb,De Mañanita,Los Embajadores del Guadalquivir,https://i.scdn.co/image/ab67616d00004851e574809ff0fde77fe864a0a8
6WtBVDL02RRvWlvzF4sjE9,Cutie Uyyy,Soulthrll;Castro,https://i.scdn.co/image/ab67616d00004851ecb8b4d4eb01cdc3276fcb7d
51Of5p3lKZeOg6itfs4og4,Lovefool,twocolors,https://i.scdn.co/image/ab67616d00004851985af358f1143c69e4d56701
6aR9SpkUhO0I7Bdeq4Xiyr,EL Periquero,El As De La Sierra,https://i.scdn.co/image/ab67616d00004851dd28d1138cf1421067c8bab8
71vqCr5ESoDLVvAyJSf9Qs,Volveré Siempre a San Juan,Los Cantores De Quilla Huasi,https://i.scdn.co/image/ab67616d00004851ccaa843f521370c23353612a
2gkPMjtJHecinQHFXvhDFY,Hoop doet leven,Will Tura,https://i.scdn.co/image/ab67616d0000485126c27a873f0ba0f68c348c70
3XtJwOJQroFfY98WJwzzep,Mogę dziś umierać,White 2115,https://i.scdn.co/image/ab67616d0000485144143f467d57c113209d6842
6ShfvZJYI3GSdaNaQ1bMVR,Metro balderas,El Tri,https://i.scdn.co/image/ab67616d0000485157e41a93fb72cb065437413c
6vFcUp67PGMjZdSKvney6Y,The Weed (Man Pyabba),Count Lasher;Lynn Taitt;The Baba Brooks Band,https://i.scdn.co/image/ab67616d00004851cfc235355e3753173bf5ba72
6QH7HkZzfu3GAQKch7j62v,Sevdan Yere Batsın,Arif Susam,https://i.scdn.co/image/ab67616d000048515cfca8697663c8486fde16a5
2zrtp9krR2IyT9mi2PaIBC,I Wonder,Rodríguez,https://i.scdn.co/image/ab67616d00004851e7e1b574a9e6b9f26c7c3f49
1mhKHuzkpWr6p88QLSkJwB,Que Me La Devuelva,Raulin Rodriguez,https://i.scdn.co/image/ab67616d00004851710bbf61a0f32655c25da46c
5B3k82YvqqcuZUnNK1SNRu,Viejo Farol,Caballero Gaucho,https://i.scdn.co/image/ab67616d000048518d12966ae0c4280141e550e9
3F5jmTgXeY1zS2ATt4cR7L,จีบ...(May I),Namm Ronnadet,https://i.scdn.co/image/ab67616d00004851bccca9407f39ab3c6cb53725
6GwJ6oQk8CK0xl7ETLqZTm,Veidi Veidi 1991,Karl Madis,https://i.scdn.co/image/ab67616d00004851c7aa0d033834bdea6d3474f8
3xmvRBnFFDA1dETtXXBG52,Le cœur en deux - Version longue,Johnny Hallyday,https://i.scdn.co/image/ab67616d000048518403f91af279d6afcb1e2e60
1XVKbbTSWRtMkroxmbVu0g,Precious Little Thing Called Love,Johnny Marvin;Ed Smalle,https://i.scdn.co/image/ab67616d0000485181a305d48629da436de13a01
5V7QO5EdUB91ksf7FgBcCc,Made in Heaven,Jenni Vartiainen,https://i.scdn.co/image/ab67616d00004851b911b9f76cb60d4e9ef3e922
2gxSaoTORdXmNLUpsNFbQk,Inevitable,Shakira,https://i.scdn.co/image/ab67616d000048518e1b5ef49eef5d8493c96a8d
7s5llPdMejHfPmzspgQULM,Botanisk hage,Cezinando,https://i.scdn.co/image/ab67616d00004851f342dd0f652889f62e1faa40
5OncxCWTWpRb8OcEvX8vOG,Venmugile,P. Susheela,https://i.scdn.co/image/ab67616d00004851e9b6db10456186a1945ffb95
29PDeKHTetRJY1fp8ZBGYU,Sugaree,Jerry Garcia,https://i.scdn.co/image/ab67616d00004851eb14dbc0a349bd4eeaa03aae
3qeGaq2b4rCdw12dKA37Db,Venmugile,P. Susheela,https://i.scdn.co/image/ab67616d000048518d71f0d2bf9edeef87390cbb
7GA53EJsyT6RXwluRQgKxu,É p'ra amanhã...,António Variações,https://i.scdn.co/image/ab67616d00004851baf757a2e6684801cb13df68
6F70kDEMUaUZilYydI6Opr,Guede Zaina,La Sonora Matancera;Celia Cruz,https://i.scdn.co/image/ab67616d0000485134c23c494d6e5ddc1c5d283f
1m4imw53rdlw3Z2d4D59j0,Resah Dan Gelisah,Hemi Pesulima;Helmi Pesulima,https://i.scdn.co/image/ab67616d00004851e822b35be2d97f9630b2fb9e
2l5D0Ua6Rb23MIhuO4xCgD,I Feel So Good,J.B. Lenoir,https://i.scdn.co/image/ab67616d00004851c66e0f533d2dd6182d2a6c40
1st6XOBDspCUiJnQwRr7Je,Ki Emeina Edo,Babis Stokas,https://i.scdn.co/image/ab67616d0000485106a5a8b3a294ad0b6334ba78
0S0cwed8nKU6bKRe9zaBfS,Papeles Mojados,Chambao,https://i.scdn.co/image/ab67616d00004851b98673cb33ac1408fe7e7f40
2MvRMWU2ILRcFEU8WWbuP8,Death On Two Legs (Dedicated To...) - Remastered 2011,Queen,https://i.scdn.co/image/ab67616d00004851733cfd7114c704785e4f8da0
1cN13ivH3D66m9DoW2Z7iU,Death On Two Legs (Dedicated To...) - Remastered 2011,Queen,https://i.scdn.co/image/ab67616d00004851e319baafd16e84f0408af2a0
2UaEiQ6ajUAxtzHBvVzsck,Arena y Sol,Marta Sánchez,https://i.scdn.co/image/ab67616d00004851206c2d31a2f90100c0089387
5uIDuh9PylZpaSlH6xqynh,Pop-Eye Stroll,The Mar-Keys,https://i.scdn.co/image/ab67616d000048512062df977964f0b8830b9a64
7p9qpk6E1oAsa9BTb5bhR5,Razem A Jednak Osobno,Ich Troje,https://i.scdn.co/image/ab67616d000048513db8f395f9365989f3790299
3PPRK0oANZnsKAEo10f7uP,La esperanza es lo último que se pierde,Herminio Rojas y su ritmo sensacional,https://i.scdn.co/image/ab67616d0000485122d0769412538c1ac13ff454
2miE4JKvNNsRaDFvre019k,Guitar Man,Jerry Reed,https://i.scdn.co/image/ab67616d00004851a58ec573490eea6acb27e18e
6uFJkCibMSeVL3fCL87ImW,Det känns perfekt,Joakim Berg,https://i.scdn.co/image/ab67616d000048515550943e67bdc5cfb85be347
4pofVgHnyYFn9v7dVYMNpB,Magical Feeling,MYMP,https://i.scdn.co/image/ab67616d00004851cff47f284e0711114f0da329
744A6XB0t4kVlscuKkhfzn,Magical Feeling,MYMP,https://i.scdn.co/image/ab67616d0000485192f8464b5509f4fdafc6e154
2TRyhtRsOs3qVZpOl6uJaL,Sonámbulo,Tito Nieves,https://i.scdn.co/image/ab67616d00004851c78dcb5a6b30147821229b6a
3MkAzk412HhauzbogwzBUO,Reality,R. Kelly,https://i.scdn.co/image/ab67616d000048511a81e3abee4b067492baaf44
43aNLlvCErobCJHCBOz7c1,The Truth,James Blunt,https://i.scdn.co/image/ab67616d0000485135c1f2e6188444cf7037ae4e
6vmpQVWs2JzIdnSUBPT4eB,Prenses,Hadise,https://i.scdn.co/image/ab67616d00004851a3e5a3deb54ee896cde700ec
76tKNpPQ0h0iqAHGVWdJ5x,La Mujer y el Radio,Chanito Isidrón;Las guitarras de Ojeda,https://i.scdn.co/image/ab67616d000048511e86ec96388af085c71885f9
0EUSRBzM7B2BbLbXvOmmQZ,One For My Baby,Cab Calloway,https://i.scdn.co/image/ab67616d0000485181b876d40c6e21ebd6d99168
0WQ3l6AqrCJLDpxjhDHbFh,Talullah,Jamiroquai,https://i.scdn.co/image/ab67616d00004851951fbcfd4b08a3a19f158ab5
1p4Dk1DstnAjCD9OhLUUIf,Neene Neene,Kunal Ganjawala,https://i.scdn.co/image/ab67616d000048518de1dbb380a778e0ef09802a
3iVOFoZX8f0KNaVxdWrYPJ,La madrugada,Mariachi Vargas De Tecalitlan,https://i.scdn.co/image/ab67616d00004851943d2ffefb29baaa9844c1fc
4nK938TodpGd1Ddm7URSLl,Maíz,Kiko Revatta,https://i.scdn.co/image/ab67616d000048511a266e82be94118846d12b81
6vy8FU0zMBdUypwpFRPKQP,Uno (with Armando Pontier y su Orquesta),Julio Sosa;Armando Pontier y su Orquesta,https://i.scdn.co/image/ab67616d000048517a030d178f531fe49b5b27da
0O4bCG1TnGt4rARJOFfa1N,Dime que sí,Natos y Waor;Recycled J,https://i.scdn.co/image/ab67616d00004851a3fa55530ca22490e6b20a86
46ZuwVryKLo062GJ23Vysw,荒島之幻象,Panther Chan,https://i.scdn.co/image/ab67616d000048515870357f84ce421a37e7d15a
74fJlgF0bEZAoKHpK1MdJs,Нет монет,Monetochka,https://i.scdn.co/image/ab67616d000048514a4c84a0114cf137a0aee421
4ljHaSdbNXKbj1Rm0YSLsq,Bu Kalp,Tolgahan Tarıoğlu,https://i.scdn.co/image/ab67616d0000485120dc69125015def445cb270c
1OecMhoSyjWPQHkGwNR5Vv,Honor and Harmony,G. Love & Special Sauce,https://i.scdn.co/image/ab67616d00004851bed44dd554aa5e3baf0336b9
5r7fUgbsHLsviNSE1Ghmto,Ride to Agadir,Boney M.,https://i.scdn.co/image/ab67616d00004851df88e57bfc102e81584443d7
5ttZh9rIWewrlBShMUYZsZ,Mis Canciones De Amor,Pancho Barraza,https://i.scdn.co/image/ab67616d00004851aa1e51645cb703b1444c79dc
0buRXIGQiybQ7d7QE1gswm,rakett69,ROM;säm,https://i.scdn.co/image/ab67616d000048514f2f3aafcd6693d5c3f8013a
55lisZOto6IR8CUxu1vHmG,Acılar Sürekli Olamaz,Ersan Erdura,https://i.scdn.co/image/ab67616d000048516d8644497bae200c5b906445
5FB0jMPaPH66BOLxdNmusr,Acılar Sürekli Olamaz,Ersan Erdura,https://i.scdn.co/image/ab67616d00004851cc1c6557ba561a8a18504461
3QBSKzfJoXbRfh9uCISjja,Acılar Sürekli Olamaz,Ersan Erdura,https://i.scdn.co/image/ab67616d00004851ef1e4fa95895d3d6bf379292
1iG7DHpGTpcPyQdmS2pBcX,1.00 Am - Remix,Harry Nach;Shita;Shielo;Mati Drugs,https://i.scdn.co/image/ab67616d00004851084a9647b4d68b3373e2820d
1QgfZsvA8tpsMVs1EylzYU,La chica de Ipanema,Jarabe De Palo,https://i.scdn.co/image/ab67616d000048511ba80ff8d8e9d51c14187616
6YJCSuA4gPFlC3xlhpO5Ee,Bogotá,Criolo,https://i.scdn.co/image/ab67616d000048519f08c2a93ef090a1e1e6bf0c
160gAhKZb7sGKlLwUUk8IX,La Reina Del Sur,Los Tigres Del Norte,https://i.scdn.co/image/ab67616d00004851198473892cba5abba17b8151
4UIGKQggVFY1Zv5WpR1qrz,Çekerim Giderim,Ömer Danış,https://i.scdn.co/image/ab67616d000048510ee0ff2793de9afc2c675218
2GB7pz9p0h2Z56GoXLo65j,No juegues con fuego,Ángeles Del Infierno,https://i.scdn.co/image/ab67616d0000485183ae26d2bb3ebaa42c92b912
1LLXZFeAHK9R4xUramtUKw,London Boy,Taylor Swift,https://i.scdn.co/image/ab67616d00004851e787cffec20aa2a396a61647
6ZwiZCUhgWFFye4Yo0HWyP,"Annie, Annie Over",Steppenwolf,https://i.scdn.co/image/ab67616d00004851ab99d876f644f9d96299e1ad
3P5i3hoBQFeLNLHzxWU3od,Amor Sin Maquillaje,Joan Sebastian,https://i.scdn.co/image/ab67616d0000485194b4f0cc8aa5eece1b5ce3a4
3UTOTYn9nfA4Rfb4r9KWvi,Chali Kahani,Sukhwinder Singh;Haricharan;Haripriya,https://i.scdn.co/image/ab67616d00004851da50894e074ecd5ce61de0a1
3CA9pLiwRIGtUBiMjbZmRw,Nice For What,Drake,https://i.scdn.co/image/ab67616d00004851f907de96b9a4fbc04accc0d5
2eKuTki5i6iuxgzDHyqD6Q,In A Big Country - Radio Edit,Big Country,https://i.scdn.co/image/ab67616d00004851c2b98d2a9cb28a8c54480c37
2vNAmlb2PnRATvD5AUiTGz,Thrash The Trash,Arakain,https://i.scdn.co/image/ab67616d0000485131467442217484c80004bae5
5ZjLehg565RRYIwOok1aGJ,Love Is Blind,Ramzi,https://i.scdn.co/image/ab67616d000048517d6a687b3c68993e000420f1
42GQFrPwS0tZ8idDHQNNoO,I Don't Wanna Know,Mario Winans,https://i.scdn.co/image/ab67616d000048514e8f01ac8164715a529917b0
69axrCaTgAqQvrmTPPcms6,I Don't Wanna Know,Mario Winans,https://i.scdn.co/image/ab67616d00004851cbbee6227b25e74c09cf9d8a
3fuoMMj6O5JEclolfpmtmp,DAL TRAMONTO ALL’ALBA ⚭ (con VENERUS & GEMITAIZ),MACE;Venerus;Gemitaiz,https://i.scdn.co/image/ab67616d00004851b4dba769e4ef94950abfd209
60PAzFNW3vAiAiVK6DRJfB,Day 'N' Nite (Nightmare),Kid Cudi,https://i.scdn.co/image/ab67616d00004851713f297a7bdc1d48971062b2
0lpstj9UL93vkYycP07ehZ,Day 'N' Nite (Nightmare),Kid Cudi,https://i.scdn.co/image/ab67616d0000485179f39680d0a747ccd91520ec
0mureCDL35PbvhXdlZXM5H,Chinna Chinna Asai,Minmini,https://i.scdn.co/image/ab67616d00004851b38e49885c59475828bae04d
0SW3RkKdIDO4FWpppTi2o5,Puedes Ser Tú,Miki Gonzalez,https://i.scdn.co/image/ab67616d00004851d39911ddf7e26d34178583e4
0aufBcdiT2TZMHEOEsqeCr,Pios Asikis san ki emena,Giorgos Papasideris,https://i.scdn.co/image/ab67616d00004851458a22f7eef8ec6668073dea
1eNkU8sQM34I7huNFBeSPj,One of These Good Old Days,Al Green,https://i.scdn.co/image/ab67616d00004851baa93bdfa04d874f12463ae1
4xveJBQYG8cnpxWV3iEbeK,Eu Sei Que Vai Chegar A Hora,Sérgio Reis,https://i.scdn.co/image/ab67616d0000485106ac344e7069a5cbc92fe436
0pfk4nldZlQbtDBi06Lupm,Snapchat,J Balvin,https://i.scdn.co/image/ab67616d00004851734b36a0655aae40d78d70f4
5XnnoMRrrAYfwrJbJi8Dxs,Day 'N' Nite (Nightmare),Kid Cudi,https://i.scdn.co/image/ab67616d00004851a07a99c5d37d3c1da90dd07a
6PDMg49qqxbpBo3ZrxmZhy,Engae Aval,T. M. Soundararajan,https://i.scdn.co/image/ab67616d00004851fcca017fcfe81acb91d8117b
2V7RtJ0gffVuEZjgHl6RQo,Výborný Človek,Separ;Lvcas Dope,https://i.scdn.co/image/ab67616d000048518216a907322ccef416aee490
3YcuWujKR5Rd6sb5N53MUr,Engae Aval,T. M. Soundararajan,https://i.scdn.co/image/ab67616d00004851edf17c5a957bf92a60bf9d85
2dUVpHkhw8zTlllk8ODsZH,Vero,Guè Pequeno,https://i.scdn.co/image/ab67616d00004851be49b47845a3d26b09d564da
42hz04UL8LgDVlbZwAtwCK,Naïve,Therapie TAXI,https://i.scdn.co/image/ab67616d00004851550e5de4d8b7299e39f6247a
5tMroaTLaCa119GmWdpMEC,Chanda Mama,S. Janaki,https://i.scdn.co/image/ab67616d000048519aca280aecde606ea6216bca
3PXuKj2MXzdQLcgA9ZmywM,"Bellini: Norma, Act 1: ""Vanne, sì: mi lascia, indegno"" (Norma, Adalgisa, Pollione, Chorus)","Vincenzo Bellini;Maria Callas;Coro Del Teatro Alla Scala Di Milano;Dino Olivieri;Ebe Stignani;Mario Filippeschi;Orchestra Del Teatro Alla Scala, Milano;Tullio Serafin;Vittore Veneziani",https://i.scdn.co/image/ab67616d00004851b5036bf179253708206ce02e
0LOCyNXrweB6D7UVqI77kC,Common Man,JEF and the Pennies from Heaven,https://i.scdn.co/image/ab67616d00004851e44e068a4676920a1edb50e0
3aIFSgjIC2KqbuKfHEKucm,"Somos La Gente, Somos El Mundo",Piero,https://i.scdn.co/image/ab67616d000048510bc3a7de73069f4e33ce9d1f
0Ga9ikq40gOwKfXXGB6ksq,光 - PLANITb Remix,Hikaru Utada;ラッセル・マクナマラ,https://i.scdn.co/image/ab67616d00004851c349d4eaf1c689b275eddbe4
1wE0zEGGo7tVwy3Ww3Wbia,"Houston, Tenemos un Poema",Love of Lesbian,https://i.scdn.co/image/ab67616d00004851cd2d035396195d99dd01d09b
2pAm0eho3UtxAK1bsRuOK7,In The Heat Of The Morning,The Last Shadow Puppets;Alex Turner;Miles Kane,https://i.scdn.co/image/ab67616d00004851f79c62c90bafbacdd24e88d7
2ociAEeCpK830GuqJBdQLH,Kort biografi med litet testamente,Thåström,https://i.scdn.co/image/ab67616d00004851ac0b6d904f07a324f8fd9958
2BB6nvVXztbNVYYArxI1AU,Назови его как меня,Ruki Vverh!,https://i.scdn.co/image/ab67616d000048518d8519ff4ee9a3d773bcecd9
6GKfnB8wQhmCqsHmgDAkN4,Casser La Voix,Patrick Bruel,https://i.scdn.co/image/ab67616d000048517b8420ca49fa8270c3cdd7c9
1sbW5E7w8tnqpYk0Frx8QG,Maahi Ve,A.R. Rahman,https://i.scdn.co/image/ab67616d000048511f4e9ecaf6913e207810093f
34VD6GZycwcLUMXwpIur9M,Don't Let Me Down,Milky Chance;Jack Johnson,https://i.scdn.co/image/ab67616d000048514f2fae704ba1d221acb7c278
4ElNxglBjcrASiGn58t9Jm,God Only Knows,for KING & COUNTRY,https://i.scdn.co/image/ab67616d0000485150ea433465b51df6d43194fd
6Gt3Hal3rnXECoDQqvGfsp,一夜情,A-Mei Chang,https://i.scdn.co/image/ab67616d00004851a421bc6cb17fd09a93a1eba0
40oq47NSPfGhUbV1e0h7Z1,"Mrusen, gaden den",Hipodil,https://i.scdn.co/image/ab67616d00004851ba20dcc45a8fffbcc9e40394
1LmV8DGBDwWVcayhefS4qd,Hoşuna Mı Gidiyor?,Ozan Doğulu;Ece Seçkin,https://i.scdn.co/image/ab67616d000048511fc3cc1970f47a0f2d342f62
5WtWwIJjnK1eWr77I2uymz,On the Beat - Extended Version,The B. B.;Q. Band,https://i.scdn.co/image/ab67616d00004851d9100f8cf5b07e10ec09508d
6RmOXKDlpKov6BAGxBbQnh,Senthamizh Thaen Mozhlyal,Jamuna Rani,https://i.scdn.co/image/ab67616d0000485130d922314a480b51eff3f165
2zh454NeaEObpIGQyMjGwW,Amigos De Los Amigos,El Palomo Y El Gorrion,https://i.scdn.co/image/ab67616d0000485107a91b99a266cae9b94a1bb6
4qONWYuuiE80MSupocbS14,Lagrima Azul,Once Tiros,https://i.scdn.co/image/ab67616d00004851dd52ab9e29a307f96a62e356
2QUIfj2ooTK6j0ahbfy5cD,Tala Saman,Floni,https://i.scdn.co/image/ab67616d00004851338ad5368017fe16c56ace20
7Cw8rUeVNAE4ClDrWzuPq1,Heartquake,Mads Langer,https://i.scdn.co/image/ab67616d000048511ad2224ca485df1ccce16c0c
1OZWyPMwub90x2V6TzRIsz,Cockblock,Jimilian,https://i.scdn.co/image/ab67616d000048518dc5c3f406f846c3fedf782a
7Flb7RRGaFPuesE4eitpqS,Wenn die Nacht am tiefsten...,Ton Steine Scherben,https://i.scdn.co/image/ab67616d00004851e38c1c77c06a324bd77308e1
2KuDGL8EuSDMJ0cHjgHnkp,ANIMAL,HAVAL,https://i.scdn.co/image/ab67616d0000485134327e7489b4f46c3e28aced
7tW8wJmcBJ1BCySErlErFo,Wifi - Remix,Oskar Linnros;Jireel;Ana Diaz,https://i.scdn.co/image/ab67616d000048516e4fb42aa041256d46ebb8fd
650SpxZRz0PIBP0cX4MAWE,Money Talks,Rick James,https://i.scdn.co/image/ab67616d000048518659bfeec423bd49dfa6e777
15rFE0DQacgczhKokkQC2y,Me quedo contigo - Radio Edit,Antonio Vega,https://i.scdn.co/image/ab67616d0000485168f17072dc634e151bd03ccd
59R6zsfUXb4zCnj1N8JS20,Me quedo contigo - Radio Edit,Antonio Vega,https://i.scdn.co/image/ab67616d00004851ea19c4826c1f8de5e33d1692
32rUsiLCvd1yZWr4UFUoiu,Stay Free - Remastered,The Clash,https://i.scdn.co/image/ab67616d000048516b32a59fcc8bcd8172bd54d6
32lB5MZqzkpuIoUPpSrJiw,De Tierra Soy,Pablo Estramín,https://i.scdn.co/image/ab67616d00004851ec11d806aef1309bcee9034e
5kfTTsve31mQ8zGwcoZIVc,Corazoncito,Los Cafres,https://i.scdn.co/image/ab67616d00004851428153f68f52655286c3e578
313w3YmIPrxKyXCWMBYWCe,Fotografija,Dino Merlin,https://i.scdn.co/image/ab67616d000048512d5f894b7391291ed7d03400
6ayfDSM6LLhVAHXdR0YMeA,Imperfeito,Dji Tafinha,https://i.scdn.co/image/ab67616d000048511a242e842ff7da72cea44d1b
6TLHo63Z3wqHkW6adVeEwZ,Plaqtudum,Recayd Mob;Derek;Dfideliz;Jé Santiago,https://i.scdn.co/image/ab67616d00004851eccaa4b4b5e280e8504d79fd
6JgEkzbSK3oeOnbkO5Cv4x,Get older 2017,Two Hundred Road,https://i.scdn.co/image/ab67616d000048516e94e5e8058a143f769c4acc
4aSfgWmRa9KsISD4Jmx7QB,This Town (feat. Sasha Sloan),Kygo;Sasha Sloan,https://i.scdn.co/image/ab67616d00004851a333559091297eda04eba27c
24T6bAxTxQ4AoYJ3GslkjB,ANT BANGÒS,OG Version;Furytto,https://i.scdn.co/image/ab67616d000048510f5ea04941f4286f018d9f49
1S7gBuiYEy9EoXNJOE3lcC,Vamos Fugir (feat. Cuca Roseta),Djodje;Cuca Roseta,https://i.scdn.co/image/ab67616d00004851062e9dd749604a9bbf8354b1
5b2RQDbNlMt7DE8cuv0hsC,The Cause,NOFX,https://i.scdn.co/image/ab67616d0000485131ce63f1e36e1a164510cdb5
3qAT9iw2AiiJ0CxTcqxQn1,HIT NUMBER - EVISBEATSとPUNCH REMIX,Emi Okamoto;EVISBEATS,https://i.scdn.co/image/ab67616d0000485115f4e740d07a59680b1f9d55
42KjSGC2rITrf3aPGPvdmm,High Road Easy,Sass Jordan,https://i.scdn.co/image/ab67616d000048516e18dbb802840ec11fd29175
2rGzmNpqatbMmK0k4donaj,F**k You,Slapshock,https://i.scdn.co/image/ab67616d00004851420d7b9cf18ba91968ca0163
3MBbH1ZYQrskcCwvc2Fh8s,Tähti ja meripoika,Kari Tapio,https://i.scdn.co/image/ab67616d00004851545f3747e3c461c1b1dcf1ac
5BSswRy1QF2oB3ZnBKjfTf,幸せであるように,Flying Kids,https://i.scdn.co/image/ab67616d00004851d3911eb264d93cde41d6bd90
44k9KKQ95wiDqd8EoB0gpR,Halszív,Kispál és a Borz,https://i.scdn.co/image/ab67616d0000485121c43edc7b28932944f72cfb
7ixhJwtHWzEQgXfp5UMZAs,Seeds - 2019 Remaster,Alphaville,https://i.scdn.co/image/ab67616d00004851c5c6cddc4cdce692d2c9c630
6XvzrydQkA6lNjpmdQOGYw,Sembilan Hari & Liberty,Dewa 19,https://i.scdn.co/image/ab67616d00004851bfc7fa507f4bc822cabe7bde
58PuQVrTWyVtP1QkflTGmC,Yolların Sonu,Atilla Yılmaz,https://i.scdn.co/image/ab67616d00004851dfca0c41fa4d09001848e41f
2XcLotDYPFy7bOl1n8V8h1,Anillito de Oro / Cuánto Cuestas Cuánto Vales / Sombrerito Borsalino / En Oruro Bailaré,Rumba 7,https://i.scdn.co/image/ab67616d000048512cd320d97afe1bfe60262780
2FrlDYUqESlAHA7Okzmfl8,When Something Old Dies,Kingston Wall,https://i.scdn.co/image/ab67616d00004851f7d6682cd980660a4344c6de
1NEfUAkG4L5c4IosHzJoYQ,María,Palito Ortega,https://i.scdn.co/image/ab67616d00004851d4149584bf30134caa30c9d5
13i4se1qX1d1GNvZ9iIOBA,Deixe Sevasmo,Terror X Crew,https://i.scdn.co/image/ab67616d000048515982361bc1ab1157851b0de1
2cZHINxJ1qDOsoQ8XMbDHw,Yemin Olsun,Ufo361;Ezhel,https://i.scdn.co/image/ab67616d0000485162d0075a6a54a9a84ca0a2c9
7eE8RJuECcOkkNOWMlDyHT,Ruin By The Selling Out,Butterfingers,https://i.scdn.co/image/ab67616d000048513015e840233fd875a80a2926
0agZwOFO04VR61Qqa6dyE7,See What Love Can Do,Annie Crummer,https://i.scdn.co/image/ab67616d000048513e7e0a254c8d0d759f9d09cc
64HK29BKQDdFdO9XU3zyfk,LOVE LOVE,Four-Mod,https://i.scdn.co/image/ab67616d00004851c4ebb4b1e0b8f295e9a2e88f
67AAHZP0Tv4s44jqNJigxN,LOVE LOVE (เลิฟ เลิฟ),Four-Mod,https://i.scdn.co/image/ab67616d000048515796f5f90f535ebd694d7006
4ftxeYqGBkpKOjcZcdEjuE,Murió Nuestro Amor de Verano (Sin por Qué),Luisa Maria Güell,https://i.scdn.co/image/ab67616d00004851089ff6659b58b930d091c7fd
5N4yS8thtTE2TgcyPvxSDR,Uslanmadım,Levent Yüksel,https://i.scdn.co/image/ab67616d0000485136913b98b3045aac99955e6d
5wfllwdjglyQislkskYLBv,Day 'N' Nite (nightmare),Kid Cudi,https://i.scdn.co/image/ab67616d00004851a487deeecb334b6619489d74
2OuJIKtPUXbnW8esE0mH0f,Alleen Jij,Jayh,https://i.scdn.co/image/ab67616d00004851fa166f28811fa1c537ce1f9c
7qqmxvzvF9yJ6aaBn0MTck,El Masoquista,Marco Antonio Solís,https://i.scdn.co/image/ab67616d00004851a02702f77600ef7f377192e2
1H4ParUEWiePMZmF0DYqlK,"Ich mache, was Ich will",Böhse Onkelz,https://i.scdn.co/image/ab67616d000048519b9831f5becdaed6541ab258
2BwFrs0hnttqDm8CXLv0Hi,What Happened / Eye Of Fatima - Acoustic Version,Sublime,https://i.scdn.co/image/ab67616d0000485111e73847f289d3c81dd6fc85
2OEbDp5Sne5eEhFKXHI6yI,Venku Je Na Nule,Chinaski,https://i.scdn.co/image/ab67616d0000485149b1cabcdba1ee4a5f339cd6
00gAVWgRJy92PCAHFzVu83,Pa' Mayte,Carlos Vives,https://i.scdn.co/image/ab67616d00004851ad704eb183a0a6f01bbc56d8
6UnCGAEmrbGIOSmGRZQ1M2,Light On,Maggie Rogers,https://i.scdn.co/image/ab67616d00004851d658a02ba8931985bdc4e0da
641dtfYmSfdCGSwoika6aT,Momma's Little Jewel,Mott The Hoople,https://i.scdn.co/image/ab67616d00004851d46e5889ace3c1457be450de
20UH9UdfJv7UZuveUO0BOb,DODI,Shindy,https://i.scdn.co/image/ab67616d0000485104a929c35e04f5dd8f8ed0d0
3qFESEdFeXy5ULJImtL672,Auf dem Weg,Mark Forster,https://i.scdn.co/image/ab67616d00004851be9f592464803b7d2fe113dc
0VutyLEoI1f7HzWLQ9LF4Y,Dollar Bill,Screaming Trees,https://i.scdn.co/image/ab67616d000048510dfb2d8dd185b3d008a2106e
3OOFqOwe5lQTcVTBBzlt63,Ajaib Kau Tuhan,JPCC Worship,https://i.scdn.co/image/ab67616d00004851089737559f90881f21fdfda6
6S0RmlOljSflBWnVzeQ8xY,Allahım Güç Ver Bana,Barış Akarsu,https://i.scdn.co/image/ab67616d000048519e5d268b2d04c5d75a72e4d6
2at3nYxxCqcAQCKiLztYmQ,Aankhon Mein Neendein,Shankar-Ehsaan-Loy;Rahat Fateh Ali Khan;Shreya Ghoshal;Shankar Mahadevan,https://i.scdn.co/image/ab67616d0000485158d1446a1ae90b1e66d938b0
6KDd7QDko1lVbWuRo8xWJE,As if in a dream,L'Arc-en-Ciel,https://i.scdn.co/image/ab67616d000048516e03e5270bb4386468dcc996
7tDoFvov0Za7TilbyvvCDJ,Condenados a vivir,Ángeles Del Infierno,https://i.scdn.co/image/ab67616d0000485183ae26d2bb3ebaa42c92b912
45N9hUW9JD7c1LIMDIxCmo,Златната рибка,B.T.R.,https://i.scdn.co/image/ab67616d00004851713039dbee4c4e0ada9586a2
50EFI62jwT8UQ5WXjb8l6F,Calma,Rita Lee,https://i.scdn.co/image/ab67616d00004851d2a12e19f6dc724d2e611d33
0auncpVPLj6QG4EcfPXZ7l,Tell a Whale of Tale - Remastered,Wynonie Harris,https://i.scdn.co/image/ab67616d00004851bf7f728a81ae24bbf8263615
2EwRrFNQpkKhnLwJYBQgOf,Look Into My Eyes,Brando,https://i.scdn.co/image/ab67616d00004851618da02a636627724bcbc6f4
3dKFxCpVtK3g9KAB8S1FwY,Never Know,Jack Johnson,https://i.scdn.co/image/ab67616d0000485106b42768ebe736eec21336ea
3Wgykb1o546p9dqDCcZAKm,Aa Aankhon Mein Aa,Shanti,https://i.scdn.co/image/ab67616d000048518bb2a56201609a1dbf420063
0b70nZ5kdm09VlyfHLNjlL,Calm Like You,The Last Shadow Puppets;Alex Turner;Miles Kane,https://i.scdn.co/image/ab67616d0000485156e4e3118af9dec4a5670a33
6aSZQVeVr2tNQiFVoWsVTl,Bärande våg,Adolphson & Falk,https://i.scdn.co/image/ab67616d00004851ef4cc898a45fad46ab4afd81
0vPNtoclRvnD5vMlx55lPO,La Poupée,Christophe Maé,https://i.scdn.co/image/ab67616d000048518c12836e43e6e9ca8d445206
6xwUGSfpQxkgy79XhyjUFN,Happy Chanukah! Style,AkaPella,https://i.scdn.co/image/ab67616d000048513e73f9bf2a465eb45fbdaae5
4Q4zY47aV8M9T4UhzbijSU,Las Playas de Invierno,El Barrio,https://i.scdn.co/image/ab67616d00004851f187155a417458f07bfe03f9
3Jnx6Bk4dcTR0z847eNgpm,Rainy Day,WHYNOT,https://i.scdn.co/image/ab67616d00004851f1fa2777402db3220e6561cb
2joQtkJX8fPMkFeKtin8s2,COMPAY GATO - Acústico,COMPAY QUINTO;Pepe Baroni;Pancho Acosta,https://i.scdn.co/image/ab67616d0000485189496312504c9a49ac127e0f
3bGyK8bLelFOmHEZZQCnBJ,Calm Like You,The Last Shadow Puppets,https://i.scdn.co/image/ab67616d00004851b7ca0fd108a57c36d381867e
2NcnRXvKMhilK3CSXm325p,Sunglasses at Night,Corey Hart,https://i.scdn.co/image/ab67616d00004851686b6c124e7ce3feb5ac3dea
4gd2tLgMcV5irS4UPttzP4,Rilluttele yö,Yölintu,https://i.scdn.co/image/ab67616d000048519d9057a2e6abfa611bdeda5f
0wP3SluPGZ3sjAmZN7pemo,Jah Bless,House Of Shem,https://i.scdn.co/image/ab67616d0000485142c152bbc6022701bf0ced43
6qBFSepqLCuh5tehehc1bd,Like I Want You,Giveon,https://i.scdn.co/image/ab67616d0000485118ff322fcdd47c9400872da6
0jTsODpz9AXkZGifBXRs2U,Feel Like dance - Original Mix,globe,https://i.scdn.co/image/ab67616d000048515acc2d6b86b9dbeae015f13d
7D7Bybu5pvVQSmPPU5CVr1,Is It Because I'm Black ?,Tiken Jah Fakoly;Ken Boothe,https://i.scdn.co/image/ab67616d000048515db7d397760a55ea5f383d97
7CwcxScnNX2jGWntjz9p2K,Baby Momma,Yung Felix;Poke;Bizzey,https://i.scdn.co/image/ab67616d000048516c1a2139a9bd729961e278d1
2gCtNNbDAPRbq9asJ13Npe,Mere Dushman,Mohammed Rafi,https://i.scdn.co/image/ab67616d000048515a2b84e8378af3d7401722b9
5z6kCwTvyJb7MlgMPjXFy9,Fine Time,Cast,https://i.scdn.co/image/ab67616d0000485198d2b5f9e0c3d00e6bc423da
3keUgTGEoZJt0QkzTB6kHg,Truffle Butter,Nicki Minaj;Drake;Lil Wayne,https://i.scdn.co/image/ab67616d00004851fa8ef63d8bf819b3463528e9
5L4PfGCVwiZU2DeAzia5Ix,Power of Love,Guardian,https://i.scdn.co/image/ab67616d00004851fd2dcbeadf6a21755ac9d2c7
5WmXveaqvbuJGB8abToM9n,El Árbol de Mi Casa,Carmencita Lara,https://i.scdn.co/image/ab67616d00004851bfc0cadd2c52cb232ee4cd3a
6LumWvUJ6FdNEr6XuBW9nZ,YoungStar,Vale pain;Sacky;Nko,https://i.scdn.co/image/ab67616d000048511049714748b0b47b8651b4c6
7vFwRtsaWTpnVmlieF1tOQ,Crossfire,Deety,https://i.scdn.co/image/ab67616d000048519e98f88b00eb6762fd1bc38e
20hUYstJd5W51Axlacpmqq,Man Nepatinka,senjasa,https://i.scdn.co/image/ab67616d00004851ab308711f7d3d4483e3d25e2
2Iwlk1BBwOJbtWPaw0ILty,Garipler,Müslüm Gürses,https://i.scdn.co/image/ab67616d00004851d42ace0516706dd4387ea5dc
2e9vHdYhko2LmtaFeLyNzB,Sorry Babe,Vercetti CG,https://i.scdn.co/image/ab67616d00004851bf9dc2df9a7c945e1181265d
7Fi43HjA5FTTCPOj2wai00,แค่เราไม่ได้รักกัน,Indigo,https://i.scdn.co/image/ab67616d00004851a86d814612a047c403ada277
787rCZF9i4L1cXGMkdyIk4,LVL,A$AP Rocky,https://i.scdn.co/image/ab67616d000048512ae92030b51fb8135d694af9
5uAymQvhguG3YRrO32cLqJ,Crache ton venin - Remasterisé en 2015,Téléphone,https://i.scdn.co/image/ab67616d00004851f02c44e61a7454782f524dd1
2AkXccQOO1sz34Ma628osl,Nannedo Syeeamaku,M. M. Keeravani;Sunitha,https://i.scdn.co/image/ab67616d00004851f12a158872caf1355c83a54d
2twOgsytupqV6CPjAR6H4N,Retko Te Viđam Sa Devojkama,Idoli,https://i.scdn.co/image/ab67616d00004851dca64d3a6f8c8638d751ab13
0CYPWCzses6SznboW6cxbM,Aao Na Gale Lag Jao Na,Asha Bhosle,https://i.scdn.co/image/ab67616d00004851f37953bdced22729ab0743ea
0yOxbfKgnoipu6NXDMVoqR,Home of Once Brave,Bathory,https://i.scdn.co/image/ab67616d000048513b9af01a58aa3409c37d969a
5OkPOwvR0lYhHBenVblIv8,"Dioučatko, lúbim ťa",Ján Ambróz,https://i.scdn.co/image/ab67616d00004851b0e99baeb440db1c1f8b4b62
1G5LciFZnyc7bb6rncwKf6,Dis 'n Land,Snotkop,https://i.scdn.co/image/ab67616d00004851b29574bc9a47b82cf2d90315
6sxhbMUJvniwHE9vl0LCdM,Shuckin' And Jivin',Dinah Washington,https://i.scdn.co/image/ab67616d00004851ece5c2f153f5bc4357a33112
3EJhYywKBdno25AZaqy3St,Cartine Cartier,SCH;Sfera Ebbasta,https://i.scdn.co/image/ab67616d000048510b5557811b1eab235b1fade4
0SC3ar69Jqi7VVZkA25WMI,Gonna Sing Me A Song,Shocking Blue,https://i.scdn.co/image/ab67616d00004851df1864dc2f6b774e6dd898d1
2PAUsCMYNVfyw6imxFA71H,My Boo - LP Radio Edit,Ghost Town DJs,https://i.scdn.co/image/ab67616d0000485139b10196588aec2376a31cee
1foblVZ1Kr2vz7212SMNZB,Casa Dega,Tom Petty and the Heartbreakers,https://i.scdn.co/image/ab67616d00004851ebca7d93f21ba366fe005966
78uCInLGFOQxBMB5F1fOZU,Playback,Carlos Paião,https://i.scdn.co/image/ab67616d00004851e1a126853326779f7801bf74
5p6sOMJAAYK90DbEbKZhKT,Playback,Carlos Paião,https://i.scdn.co/image/ab67616d00004851f70f358dc51932d09088b21b
1ZxbpG74JVX6Xb6dkSvsVK,Route 66 - Mono,The Rolling Stones,https://i.scdn.co/image/ab67616d000048518d1570a03b9354518f0b618b
0WqP726WOKZXUT0FMHkkk3,On The Beat - Extended Version,The B. B. & Q. Band,https://i.scdn.co/image/ab67616d00004851dd3401d4d8c15250041ffdf2
3ZITY2B2GFiZInA1axx3sa,Oblatsi,Hipodil,https://i.scdn.co/image/ab67616d00004851dab761d60a8d758512331470
28Nwzc4NlWSVg30J69zF77,Baila Vincente,"Johnny Pacheco;Pete ""El Conde"" Rodriguez",https://i.scdn.co/image/ab67616d00004851c8f408a1bbe438abdafb3726
2dRPR3SHebAESDwTYxrLbl,Tarantella na niedzielę,Irena Santor,https://i.scdn.co/image/ab67616d00004851a05ea9780709fa38f46c8a9e
6cwUKWiotJgLjglgGKJHpv,Whatever Turns You On,Billy Ocean,https://i.scdn.co/image/ab67616d00004851167f7c87b645459f16524a18
4MXhiYIRDMGAuvZc5IFTwC,ASTROTHUNDER,Travis Scott,https://i.scdn.co/image/ab67616d00004851072e9faef2ef7b6db63834a3
7agbQBEJYIaKJ8lGVdq1bv,Athiloka Sundari,Vishal Dadlani;Karthik,https://i.scdn.co/image/ab67616d00004851f80a6347f59f6e45dbe1cd32
0eRAyWR2PgtEYxdSvjO6tc,No Vuelvas,R.K.M & Ken-Y,https://i.scdn.co/image/ab67616d000048512a28b390e9fe2163920f76a3
5uUgIpqB4vkvj7mqsIL1RM,Hlúpy pocit,Miro Žbirka,https://i.scdn.co/image/ab67616d000048511af02d272b44fc0cd7300b60
0UuA3sgP6Qftl7nzfnOFoa,你也有今天,Jolin Tsai,https://i.scdn.co/image/ab67616d000048513e8b6c2b3bb66c1e68f9256d
0YOizazym0DeJmg76eMyIC,Jamón de mono,Los Burros,https://i.scdn.co/image/ab67616d00004851b62d61ff29526abd14e128c2
5wEg5O6wWFQGB60NmLeOlv,Aucune limite,Landy,https://i.scdn.co/image/ab67616d00004851d463d9790757ef03fb947a22
1VpKOZ6nnap41hh5CbY8gJ,Obsessed,Addison Rae,https://i.scdn.co/image/ab67616d0000485132f092757b151021315edce0
4Cw1ccpaX6si47zmil1NCZ,La Corocorteña,Jorge Cafrune,https://i.scdn.co/image/ab67616d000048510d21f30f1cd649fd563f18a4
5UrgVM5bP27SCumdW1JI24,Diablo Errante,Francisco Orantes,https://i.scdn.co/image/ab67616d000048517370a805831a230a100643ff
2OPCshYSrLpSrX5laITiAU,מכור,Eviatar Banai;תמיר מוסקט,https://i.scdn.co/image/ab67616d0000485100b489b1a75b34e81d26e6cf
1eSiLWbHs7LH3GosCAPw5Q,デッドマンズ・ギャラクシー・デイズ,Thee Michelle Gun Elephant,https://i.scdn.co/image/ab67616d00004851d19e12ecc14d30244c72af7c
75sjXeV1gvbSUhptK16P9u,Sandalee,Velmurugan;Mahalingam,https://i.scdn.co/image/ab67616d0000485178b306e1b175a7a173a97aaa
4PT9YV0uXhsXiQWR9CgdLe,Down Low Double Life,R. Kelly,https://i.scdn.co/image/ab67616d000048511a81e3abee4b067492baaf44
4yBocB472ltALbHjm4qYYC,Adrenaline Rush,Twista,https://i.scdn.co/image/ab67616d000048510d7f838db299df75132342b7
5pwrO2hoZ3GG5K3TEseVMS,Ennyi nem elég,Ákos,https://i.scdn.co/image/ab67616d000048513681804e5000e76f745c3bdf
2DuNq4Fk9vsZBSDtDmaC2I,Медленно уходит осень,Yuri Shatunov,https://i.scdn.co/image/ab67616d00004851f8efa325cf366352be6c2e34
2Za1AlJNvksouPPWbXpR2X,Good Old Days (feat. Kesha),Macklemore;Kesha,https://i.scdn.co/image/ab67616d000048512e94b668c60b06deb1c3a05c
6dAeRRGunwHEhfN0AU0HHo,Nowhere To Run,KISS,https://i.scdn.co/image/ab67616d0000485180bd9b99c15b9c002f4c880d
2GMXbYagB5cEtAbGGphVIx,Jaane Jaan Jaane Jaan - Male Version,Udit Narayan,https://i.scdn.co/image/ab67616d000048512005c627d499080181e6e364
6qQf1nlTPCGUkmLskF89uX,常夜燈,PEOPLE 1,https://i.scdn.co/image/ab67616d000048516c4e9f73e0ec2f306d1cf27a
30j7k5YQA5wWexEQpINpaQ,Saunajenkka,Martti Innanen,https://i.scdn.co/image/ab67616d00004851a5bd87a02f8c700cfd28a440
18OV3cc9OJgRtvr0zxp5gS,Highland - Complete Version,One More Time,https://i.scdn.co/image/ab67616d00004851740972573fdc120460470c15
3rqrsrd4CZMXvDqCv4baHT,Yeniden Doğup Gelsem,Şebnem Ferah,https://i.scdn.co/image/ab67616d00004851ceeb9e99579c3cfe90fffd5f
0d3Hv8mRKOBjG6kkVKmOuF,Lamplight Symphony,Kansas,https://i.scdn.co/image/ab67616d00004851248b325217b667e6d7083f1b
3tH8Y5S8kt2n0gPD7Zw5kL,I've Got Blood In My Eyes For You,Mississippi Sheiks,https://i.scdn.co/image/ab67616d000048518b5bf1abbdc0f4133fc30cc2
3pFjLqo6SFBAegYmmNO60n,GO (feat. Franglish & Landy),Gazo;Franglish;Landy,https://i.scdn.co/image/ab67616d00004851ce69e24aeddaa03334f7fa5e
5lDDshZ0X6hePWBOVibfSN,อย่าปล่อยให้เธอลอยนวล,Got Jakraphan,https://i.scdn.co/image/ab67616d000048519ba7de97d9d1c6f74a9fd29e
69nM882vtgW23Ovt2M5lP3,Big Burden,Young Lords,https://i.scdn.co/image/ab67616d0000485199cf5820dfb79c3399047323
6mfswCwl4urpsk9ANXJ2gU,Mi Morena,El Barrio,https://i.scdn.co/image/ab67616d000048515ba542b7f9414b013ec45e67
7HuV7e8zMLI5QO4sAATMVG,Da höch uf de Alpe,Michael Beglinger;Kinder Schweizerdeutsch,https://i.scdn.co/image/ab67616d000048513b755a8237f3b50a513951de
3AgPBZheAcmKxColq9BkCO,Saudosa maloca,Demonios Da Garoa,https://i.scdn.co/image/ab67616d0000485182cdfa937ec41da3172a1b85
71pBxayPPUWgs99vFMHaCA,Madness,Prince Buster,https://i.scdn.co/image/ab67616d0000485130dc2521947371b85779ed0c
7aOVkfwiNeX4ndOkvkxaYY,Дочь самурая,Splean,https://i.scdn.co/image/ab67616d00004851500810a5f588169370e38352
4GwuVp1NIhwnm5JDDhfAuX,War Machine,KISS,https://i.scdn.co/image/ab67616d00004851f1e929bb0d493490a6549cdd
0rR7emH8QhB6zbl8YcsNNh,The Line,Jimmi Carr;Jimmi Carr Band,https://i.scdn.co/image/ab67616d00004851274858860edeab6418f42be0
5disLkT4NwS6sYT3RNIhjK,Girls Night Out,Toronto,https://i.scdn.co/image/ab67616d000048513d4e1f6fa1e64b27cdbaf00f
3qDjnabHcAL0b9BhH4U6XY,Ben Giderim Yollar Gider,Alpay,https://i.scdn.co/image/ab67616d00004851f038742f96969fa5815b2f3a
7ua5ORSWsf8JOrcX6SJ9Ub,Vandaan,Lil Kleine;Ronnie Flex,https://i.scdn.co/image/ab67616d000048518d30694491e182ea7e38f517
3rCNLeHuSDsEPJshmo5OuR,Love Train,The O'Jays,https://i.scdn.co/image/ab67616d00004851d7111f3f43b36e4ba91693d1
3YoL3b78MrbjjMs1kSEuGN,Veneno,Internacional Carro Show,https://i.scdn.co/image/ab67616d00004851059165f4a02963838df87e45
32YVg9YlPKmaIYAucI0ogd,I cried for you,Mildred Bailey & Her Orchestra;Mildred Bailey,https://i.scdn.co/image/ab67616d00004851960435cd3cd808bfba351f78
4nA78KlQgUYHtz1daXPv1C,Love Ain't No Stranger - US Mix; 2019 Remaster,Whitesnake,https://i.scdn.co/image/ab67616d0000485160f089bbe2bb7656f5d816ae
5Xhwm6e7bcjnwJ6TeJpUxY,מזל דגים,Danny Sanderson,https://i.scdn.co/image/ab67616d00004851ed933c21bfd178a3d155f024
0WuJhjnrRS6EuA9tQdhtEA,Rock And Roll Song,Valdy,https://i.scdn.co/image/ab67616d00004851460100adc46795f7f576f19a
15V6UK1RBKw5tYyZVnAFXN,Vivir Junto a Ti,Los Kjarkas,https://i.scdn.co/image/ab67616d00004851185d6a46166de72bcea7b810
0M5DsReWOOEi6DSTRIWYbK,Mimi,Nat Finston;Maurice Chevalier,https://i.scdn.co/image/ab67616d0000485161023d5d452a5ee8c1f4db99
1WeeMb71Hld9X5Bmq9IQup,Still Swingin’ - Remastered 2020,Papa Roach,https://i.scdn.co/image/ab67616d000048517de47402fa10741bd0536799
3uBQSYIlSktNT1LJADU6TJ,Estrellas - Cinco Estrellas,Attaque 77,https://i.scdn.co/image/ab67616d000048511871e0880d72819d7a16fb4f
39ZJI8wq909bcYdlJaRXqw,El Potro Lobo Gateado,Vicente Fernández,https://i.scdn.co/image/ab67616d00004851964ac94e880ebbf7645e5e72
4hT7BPLIAsZ2rLkG9CpKrH,На лету,V $ X V PRiNCE,https://i.scdn.co/image/ab67616d00004851f4666484024dee3c0cf4f549
4wjdqI7euTMCrAaFIfY7Qu,Soy de los Verdes,Migue Benítez;Juanito Makandé,https://i.scdn.co/image/ab67616d00004851dc692c0b030aa4ed8522ceba
1wdUpbD8EnCgJyT5w5LdHQ,Kung Fu Girls - Remastered,Blondie,https://i.scdn.co/image/ab67616d00004851d377fa9b12ba09ee525b60a8
5xYWsam73JrRnvrIaPXyOo,Монгольская степь,Nautilus Pompilius,https://i.scdn.co/image/ab67616d0000485146549f9592ec8b703d3db213
3Jc12VoBo7GQkdejqJBO0c,Klakar,Herra Hnetusmjör;Huginn,https://i.scdn.co/image/ab67616d00004851e358f6aba6a0df0fc67a7ece
1uvLxAoD4WWtf4XzKZPPYd,Už Se Blíží Čas Sluhů,Zoo,https://i.scdn.co/image/ab67616d000048519fc3c59a54cfa19a7c5d565c
3YrDOuiTiVaybMrEyeAPDv,Vipp-på-rumpan-affärn,Jujja och Tomas Wieslander;Mamma Mu & Kråkan,https://i.scdn.co/image/ab67616d00004851654a841ac6ba3ff7c700f421
37r50D42oXhzxtH3VyBzJX,Stories For Boys - Remastered 2008,U2,https://i.scdn.co/image/ab67616d000048516744b017c4dc9b732913708e
4SA5AELFT2lkUO0qnhZQtc,Stories For Boys - Remastered 2008,U2,https://i.scdn.co/image/ab67616d000048517e781bfae8ee048ceed80b9e
2CNjmOoJwjVpau6If2gKFW,In The Sand,Anouk,https://i.scdn.co/image/ab67616d00004851f96da26858629a404e948a7c
51US2G24xU9Ji7DFVGTukF,Uma canção de amor pra você - Acústico,Catedral,https://i.scdn.co/image/ab67616d000048512d09a59586c0e4561c3f0056
7x625rFZe0g5X0XUgjAeTi,אור בקצה המנהרה,Shlomo Artzi;Moshe Ferster,https://i.scdn.co/image/ab67616d00004851a7012c6d1de46259e814e7e4
36DHxTW2xdr9GG15T9oK9L,EL MUNDO ES MÍO,Bad Bunny,https://i.scdn.co/image/ab67616d00004851005ee342f4eef2cc6e8436ab
5A8ysv0c3aUkij0ojFlZZM,I’d Do It Again,Violette Wautier,https://i.scdn.co/image/ab67616d000048510c2e0df3d444be383b81b0b1
5arxLUQAWup1Gnix2hBLoQ,Yo No Quiero,Narcosis,https://i.scdn.co/image/ab67616d000048510e21bfea124681011661b17b
4MQlznXM7wXIU4XWibYGAz,Se Va Warnes,El Kuelgue,https://i.scdn.co/image/ab67616d00004851723dc9548f1c49e05b63ecde
65ZNfXslgUm5u8yYrpJATL,Каждый раз,MONATIK,https://i.scdn.co/image/ab67616d00004851288be84626838bc046ea8b71
50kSzIXc8avwPULMD4EACM,My Love,Irie Love,https://i.scdn.co/image/ab67616d0000485175194bdb8b8cd43352e0e2cb
78WgL9PCP9JtLZAwmMwtOX,Yeh Mumbai Nagariya,Lucky Ali,https://i.scdn.co/image/ab67616d000048517c8248da2e4e0104e4bfdea0
0GORkQsZor4QrSUvKzBY0N,No Me Hallo - studio,El Personal,https://i.scdn.co/image/ab67616d000048517b32c73ad8e314715bfd84e0
6hMfpbN18Z6dvspRWOqAdQ,Hold Me,P.J. Proby,https://i.scdn.co/image/ab67616d0000485101be9e48d8ca8b37d928a3d2
1I7arMzqZe0nxd9TfkG0Dt,All Night Long (All Night) - Recorded at Spotify Studios Stockholm,Benjamin Ingrosso,https://i.scdn.co/image/ab67616d000048519acfba881c33f28dea94503e
5EPAgdnM8Nx98J3Yp5I4Mz,Don't Look Now,Rodney Carrington,https://i.scdn.co/image/ab67616d000048513c1428c5bd34d7ca1307515a
2qw8228BQmmg6DNjWCoZxS,Erinnerung,Cro,https://i.scdn.co/image/ab67616d00004851a9a40262d12da7729ca2deab
4ocbH5ZJqajZIpUrqRUoue,Meet Virginia,Train,https://i.scdn.co/image/ab67616d000048519c38db64f60c6a20068c5442
2UFoPkAUhD0ZL4hsgBW4Cj,A Mis Amigos Locutores,Toty Pino y Los Excelentes,https://i.scdn.co/image/ab67616d00004851ca7e05134f3ec5f4c04cb604
5kvOLj8SjcbK4XYOrgoJHE,No Me Compares,Trio Dinastia Hidalguense,https://i.scdn.co/image/ab67616d000048511e5d47f4d6abd3f0ca86d87a
0JHwHqPlca9zCnGnQenAEW,Candy Rain - Heavy D & TrakMasterz Mix,Soul For Real;Heavy D,https://i.scdn.co/image/ab67616d00004851d3687813b1196ce38275e76e
7Jrvr787qMsaDir8TlT58L,橋,丘丘合唱團,https://i.scdn.co/image/ab67616d00004851afa224f7bbc6262c7dd30070
6CEEeCUrKhy2Tg8HqL7jFN,Scars,Brennan Savage,https://i.scdn.co/image/ab67616d000048511e485215fcc4094085a5f93f
1BXc9hNpk38vrKrVqwGvIV,Happiness Is Here - Special Version 2014-January,Tokyo Disneyland,https://i.scdn.co/image/ab67616d00004851d0de367078116775ff77a6a9
5lxWBU8FM7pqidZcDsgvb3,Un-Break My Heart - Classic Radio Mix,Toni Braxton;Frankie Knuckles,https://i.scdn.co/image/ab67616d000048515b038ce8133b1abe96982481
6GYVCGiyP4U90LDI6W6E7U,Tevis dēļ,Prāta Vētra,https://i.scdn.co/image/ab67616d00004851bfb7307db2197140eff5c6a3
0JRYUKgoq2FL74s0fxzMXt,Cuestiones De Amor,Sonora Ponceña,https://i.scdn.co/image/ab67616d00004851f9f8933349a195ec9a4d550b
4wXtO2okY07udroNgKNO1R,Kéne egy üveg bor,Bill Gyula Deák,https://i.scdn.co/image/ab67616d000048515a70b5ae16f9a2020fe3a5ec
06lBLckZEfLrqBxzM1gc3o,STROBOLIGHTS,Supercar,https://i.scdn.co/image/ab67616d0000485146db2aba8e3df0148d2c3df7
3DQ3NHLmaqS0WXgogwUo4z,Sweet Love,Renee Geyer Band,https://i.scdn.co/image/ab67616d000048519fac0051b5d92ac00a019b13
3dHv5tJdO5QL8PlKRzKjHF,Me Da Igual,Erreway,https://i.scdn.co/image/ab67616d00004851acfe6f56b4451c78b14ffe66
0WSTcd9inhbtHhV9vi1jDQ,Imma Get A New One,Chih Siou,https://i.scdn.co/image/ab67616d00004851cb7365bbd7d35f7396269a08
4cnmDkfG6cUzGspUPIbLTc,Kita Tertawa,Peterpan,https://i.scdn.co/image/ab67616d000048513eb348093c0e58e27553f013
7BxEDAx4PtbY3q7j3nxtHv,Conto de Fadas de Sintra a Lisboa,Os Pontos Negros,https://i.scdn.co/image/ab67616d0000485170c646d6c2b78fadfdbaab3a
39nIV5ZxkteaQdWJWDfNiW,Oriente,Elis Regina,https://i.scdn.co/image/ab67616d00004851b0402de12e169a154c7a8e75
6K9bNgOticLX5XEhOpLeKs,Hit Me Up,Danny Fernandes;Josh Ramsay;Belly,https://i.scdn.co/image/ab67616d00004851c56fb109f67d31a844916e9e
0P8TCqG9wsZPUnvxqLNZ5k,OMG Daddy - Telugu,Roll Rida;Rahul Nambiar;Lady Kash;Rahul Sipligunj;Blazee;Thaman S,https://i.scdn.co/image/ab67616d000048510061ab65b764c4a6db1bb9de
51rPRW8NjxZoWPPjnRGzHw,Tadow,Masego;FKJ,https://i.scdn.co/image/ab67616d00004851f1814f1b76df2fa196e4f45e
6um0lKSOhlz7oYzm5bmBir,Prendi una matita,Mina,https://i.scdn.co/image/ab67616d000048511b4c553e213ba6f4cfcca577
14RYUE0OGUnDdvXUWcHrLT,Yendaro Mahanubhavulu,S. P. Balasubrahmanyam;S. Janaki,https://i.scdn.co/image/ab67616d0000485142d80086a17cc4272d0fa682
0jptP3is0HCYOQ5nK8KuV4,Vi cyklar runt i världen,Black-Ingvars,https://i.scdn.co/image/ab67616d0000485186952abe52675771a058f410
72d4KOYmgWa0ga5ER7ab5O,La Carta Final,La Gran Manzana,https://i.scdn.co/image/ab67616d0000485172b616456df5c194d526ac84
56GfTAFHN8HMuKEJwUSJnY,Eine Symphonie Des Grauens,The Monochrome Set,https://i.scdn.co/image/ab67616d0000485168fc4586b4ac0b8bc5fc2456
7BgBiCRLk8r32oCNUN7qhC,Con te sarà diverso,Mina,https://i.scdn.co/image/ab67616d000048512c0697d10e661cb63a159ebb
4nclSway9tRk9uk04ADT9L,Mouth - Remastered,Bush,https://i.scdn.co/image/ab67616d00004851480f135db3f0c9dffa2b65c8
05FCPzubrrYniJKr2wdvI3,驚喜,Beyond,https://i.scdn.co/image/ab67616d000048510f41ed1f194bed9f98247e7a
3vzLq30QNEwacXFsBZjRQ1,Janeman Tum Kamal Karte Ho,Lata Mangeshkar;Kishore Kumar,https://i.scdn.co/image/ab67616d000048519ee2195ed50a9e1743fd2843
7rFldD8qMxTbnevScHoXB8,Suna periculos,A.S.I.A,https://i.scdn.co/image/ab67616d00004851b7a862274214677323f513dc
6FPUVn84eegoiP6TPnY5Bo,ฝากเลี้ยง,Sweet Mullet,https://i.scdn.co/image/ab67616d00004851c37fa0cce035a99576874dde
3XrKM7IbJcjiz3xflq5aJ1,Angel - Spanish Version,Frankie Negrón,https://i.scdn.co/image/ab67616d00004851d2aeb83028a3bb3e5b72fdda
64HNccPlAAW7X3axCSnBxh,Ça ne tient pas debout - Remasterisé en 2002,Michel Berger,https://i.scdn.co/image/ab67616d00004851952a5747dc31c01872531c0b
2mETc4lzFu3wpCqPDOtMRG,María De La Luz,Carlos Y Jose,https://i.scdn.co/image/ab67616d0000485147d7faeed3c47cc06fde51d1
4XxSHIyvPBXfUWvC01F9Gk,Venter Paa Vin,Balstyrko,https://i.scdn.co/image/ab67616d000048515cfa1f6459487e00dac2c1b4
5MfsWXtJQLpCrw0dTQYn2E,Кольо Фичето,SkandaU,https://i.scdn.co/image/ab67616d000048512ed5581bffbaa9c7b3d14f79
3gny9VzxxO9lCjHvQNfChP,A Que Te Pongo,Ilegales,https://i.scdn.co/image/ab67616d0000485136c316f75be9da0e3491a667
2KQVjGIC1lNy47ZFJbHesF,LOVE & GAME,Kyosuke Himuro,https://i.scdn.co/image/ab67616d000048516998653fb0c80b7d8e4689a5
6QkD83tjzOObbv7072wwm4,Ekosong,Pokáč;Voxel,https://i.scdn.co/image/ab67616d000048513f45ae97bf68068089f5ac91
5LBIKCZ2knn3xzoWmKVDaD,Hagame el Cambio - Remasterizado,Francisco Canaro;Charlo,https://i.scdn.co/image/ab67616d00004851b1b919f8a73a7593e7e0d151
0b1qO6YGSbD1fxl12troKY,Koroido,Markos Vamvakaris,https://i.scdn.co/image/ab67616d00004851a73f2d04ecedb9acc272a212
2yBxVCCJkfCuwhA0GR2VwA,Gale Lag Ja - Version 1,Javed Ali;Banjyotsna,https://i.scdn.co/image/ab67616d00004851fdfb5a9874443a0e39febd7d
1mz7nRyKS9aY7uvijCVj3f,I Fought the Law,The Clash,https://i.scdn.co/image/ab67616d0000485150f3e5ddde5534e603706013
5kZ0BgkjvRqSwOeAVWf68f,Casablanca - 2017 Remaster,Duncan Dhu,https://i.scdn.co/image/ab67616d00004851e103ee302dcf211c5127c93a
6fk7PLizzaBAskTANWyi3B,Ég er á kafi,Sálin hans Jóns míns,https://i.scdn.co/image/ab67616d00004851424dc3de792f76987a085378
1U8jNeK8c0NxnXiaJOzmju,Эльдорадо,Va-Bank,https://i.scdn.co/image/ab67616d00004851e5a95bf51b9e2ca99aac7875
3TZtcBYCSNWncWNTRilPN6,Western Plain,Lead Belly,https://i.scdn.co/image/ab67616d00004851e099d0eeae1d1390e249de9c
58J94I0eRUEXvcvzHI55B0,This Endless Night,Neil Sedaka,https://i.scdn.co/image/ab67616d00004851222931b7e84ea3e8f5e308d9
1ef8jV2jElVL74JzBKo6K7,Wiking,Sarius;Gibbs,https://i.scdn.co/image/ab67616d00004851722cc226efc03091c75d7d5f
0H8ScUk9YkiaUj66l1PfUo,I Don't Mind - 2001 Remastered Version,Buzzcocks,https://i.scdn.co/image/ab67616d00004851ee89a285a9b6ec19328aa668
30eoTmGBIMreVMgKZpQUu0,Sou Eu Chamando Você,Jose Roberto,https://i.scdn.co/image/ab67616d000048511f4881db5114484a32040db0
7KwJrAQMoJyUEBes3evMLv,Orpheus Under the Influence,The Buttertones,https://i.scdn.co/image/ab67616d0000485131a5311ae420e797f78ece5c
7DKS0rX27cCEPsK0R6tFWS,Wasted Times,The Weeknd,https://i.scdn.co/image/ab67616d000048511f6a2a40bb692936879db730
2eY5iKmq2BDcD9P3uEnr4L,La Marca de la Gorra,Mala Fama,https://i.scdn.co/image/ab67616d000048517b69e72dc84b27373c73cba5
6rqj2zeKhLy3exkuFi6mSz,Answer,"Tyler, The Creator",https://i.scdn.co/image/ab67616d000048516be6806a01c452f360cab678
1ido9zqsoceZGkleONtYHg,Ако има рай,Grafa,https://i.scdn.co/image/ab67616d00004851cabb1f77d30a973f87861c32
1hsQx9OuRBuRvpDXpsM0KZ,Mãe Guerreira,Ruy Maurity,https://i.scdn.co/image/ab67616d0000485113de1dd430f08ca1ba09496e
4MeagrXRJb7XjSE8FK0n75,Si Tu Boquita Fuera,Banda R-15,https://i.scdn.co/image/ab67616d000048515d4be443b411ae6468e60068
4pPKQo3IF1OWiZiIotJhzI,Te Extraño Tanto,Rayito Colombiano,https://i.scdn.co/image/ab67616d00004851ae62fdfeaad1b36638ee9ce7
4WJcjvpurlHpxWxulQYpoL,Se Puede,Gilberto Santa Rosa,https://i.scdn.co/image/ab67616d0000485161840e2f9303ed36fe91c45f
69bGqtgp3sp0KO58p0pTDa,El Fiero Arias,Horacio Guarany,https://i.scdn.co/image/ab67616d00004851965ffa9de9aabb8545c2ca6f
3SQQsvFWOpy976SimJFRZG,Deixe Entrar Um Pouco D'Água No Quintal,Os Mutantes,https://i.scdn.co/image/ab67616d000048519ada014f161df4b3b603b47b
5RmDG0lMtHXQRUny77EM1e,Quiero Ser,Selena y los Dinos,https://i.scdn.co/image/ab67616d00004851027318752d60bee85fdcf7f5
1QVNtna6rYccSb8oP20zIZ,Saule Šodien Auksta,Musiqq,https://i.scdn.co/image/ab67616d00004851f8e286c90b8243e54db7c0be
2MrpbWnnAvCrFPyGaosJ8y,Couldn't Tell,Dermot Kennedy,https://i.scdn.co/image/ab67616d0000485124b92e7fde8fcd31e090d8af
6u4PWCWePFLi21VPQUyEVN,Немного жаль,Philipp Kirkorov,https://i.scdn.co/image/ab67616d000048514ade8158e4c646e8d521e0fe
5nCsrhee3pt3iSf059BJSG,På festplatsen,Owe Thörnqvist,https://i.scdn.co/image/ab67616d00004851a63f5702a22933aff8818418
4Pa81KwowSJiUeUWp2ydw4,Hum Hindustani,Mukesh,https://i.scdn.co/image/ab67616d00004851665f704531149b93d66855cb
6e6TamIEeZgJQiNPTxfW0p,Hum Hindustani,Mukesh,https://i.scdn.co/image/ab67616d000048515dc13a5e6787f390acfd7fdb
7Afnd3woktYwxxFT8nsYoO,Respect to the Dance Floor,Mass Hysteria,https://i.scdn.co/image/ab67616d00004851b9072d601e93462d8fd2b51c
5OdFHpZSk7whzWShmikIdr,笑顔のまんま,BEGIN;アホナスターズ,https://i.scdn.co/image/ab67616d00004851f9e03bf14dddb561968a0a40
1RRmGH7sN3wBdk21Khzm63,Náklaďáky,Monika Načeva;Michal Pavlíček,https://i.scdn.co/image/ab67616d00004851b4b4ddad08d38fe90ca5d4d4
6mQMrodeaXsgCZ7wUOiZfZ,Billy's Boogie Blues,Billy Wright,https://i.scdn.co/image/ab67616d000048513ae0ecd9c81788bb98dad385
54X5GNJhkeeEvc9H7Y0wX4,Angel,Lucybell,https://i.scdn.co/image/ab67616d000048517b061c39b9bc504cc7fff3da
0KFiaMMENcMRu0awy9OeDw,大日子,Kelly Chen,https://i.scdn.co/image/ab67616d000048513886230666ba061e46e20b8c
6ryO4FO7dR3vYXuRW7QTaK,Hanging Fire,Jimmy Cliff,https://i.scdn.co/image/ab67616d0000485101676d2605aa96da23c059b4
2WC9lgtfcApmuCqrNV6Nov,Pickup Truck,Kings of Leon,https://i.scdn.co/image/ab67616d00004851496ed45f8f3dddaf410fd86e
7wqJUSKhD42bqRcXiMWZDN,Pickup Truck,Kings of Leon,https://i.scdn.co/image/ab67616d00004851c186d778178f4315a2c72206
0mcWz9uOz897C3jw7Zadhd,Változnak Az Idők - Main Radio Mix,Dred,https://i.scdn.co/image/ab67616d000048515b32eff47d2819fa3d5c76b7
