0Q9zg9BrLC1TOY4pA1D9IT,Lona baratang,Sechaba,https://i.scdn.co/image/ab67616d000048516284acb01461619883cacf1a
5hTElW4nqr3dGqStZFiPN6,Lágrimas,José José,https://i.scdn.co/image/ab67616d00004851bb0c620cbaa1747d1d5d5482
3AEqfHlRdDc5zDbyf7wIxr,Butiran Debu,Terry,https://i.scdn.co/image/ab67616d00004851b952a639a76741b57114aacd
43pvM8fGPj8chFYxqYDIkA,Segundas Partes Entre Suicidas,Sofia Ellar,https://i.scdn.co/image/ab67616d00004851328551bd03708b5b639f425c
6astyRCNHin1Fabs9ZeOQm,Córdoba Sin Ti,Luciano Pereyra,https://i.scdn.co/image/ab67616d00004851ebbdf03f72d2bd36cc06d96a
3CGoPH5srDDrOpelR55JUf,Thelo Na Se Do,Eleftheria Arvanitaki,https://i.scdn.co/image/ab67616d00004851324bc0c955f20fcf03f626f4
3XuIu4PQxpC7prFnBv0VE7,Undivided,First Call,https://i.scdn.co/image/ab67616d0000485176403bd95726d0f707b3dac8
0wjBvJBgvuBiAWCb2Rlhjx,Amanti,Mia Martini,https://i.scdn.co/image/ab67616d00004851a70c144eaef6b77678d6e64d
3uAZaI7awCd5mLawssAL9A,Córdoba Sin Ti,Luciano Pereyra,https://i.scdn.co/image/ab67616d000048510ef46439b1cf385d68dfc461
3QwZIfZUZkBEY794qNctHa,Gallo Rojo - Remasterizado 2008,Los Fabulosos Cadillacs,https://i.scdn.co/image/ab67616d000048516f41a299791d5833d41d78f2
4iFhc2q3DgNIHM2vSlbNPj,放了自己,Magic Power,https://i.scdn.co/image/ab67616d00004851560d9be1729f79ea64b1eaa9
2ijnljmDILaZ5kPW1STwAz,Kaipuun kukka,Tuula Ikäheimo,https://i.scdn.co/image/ab67616d000048510133d63e8101f2c4c323255d
2zWD3NeumypMfgLpUY1G2m,說你愛我,S.H.E,https://i.scdn.co/image/ab67616d000048512ca92ad69935787b19fd60c2
2xGmrEdhFbLBre9adaby0i,说你爱我,S.H.E,https://i.scdn.co/image/ab67616d00004851f501890188d5d58b39ded74c
5Bsp0aGphXtEQI1M9Ha2O2,說你愛我,S.H.E,https://i.scdn.co/image/ab67616d0000485162058e652a1badad51933779
6V7KP8cBGKFMMvsWwNoRyh,Fools Fall in Love,The Drifters,https://i.scdn.co/image/ab67616d00004851b4f7387e002e6bbc12a5413e
28eOY3cSAsv87CvoszlaAN,Surah Al-Fath,Sheikh Mishary Rashid Alfasay,https://i.scdn.co/image/ab67616d00004851ae259c2d7863335b5fb5040b
30eOWih5w4xuD24dhaR8sD,ไม่เคยอยู่ในสายตา - เพลงประกอบละคร รักสุดฤทธิ์,Punch,https://i.scdn.co/image/ab67616d00004851ff2c9f397846b721b5b24623
37utpWqoUo0yrjlNlnlB0P,Nem às paredes confesso,Amália Rodrigues,https://i.scdn.co/image/ab67616d000048513fb0c844c377efdbdcc6f306
4jjmwlYE4QPy675w7qa4q2,Me puedes pedir lo que sea - a dueto con Eiza González,Marconi,https://i.scdn.co/image/ab67616d0000485176c6c0f481a73d4a3342c31a
0kR0wwtwP4UDU1QAvQOXS6,Islands In the Stream,Ray Dylan;Elizma Theron,https://i.scdn.co/image/ab67616d00004851bc9bb06cb7e1be5c912b918e
4teKSbqDk0NmafypuaoF7A,"Tout, tout pour ma chérie",Michel Polnareff,https://i.scdn.co/image/ab67616d00004851c70e055bdf097b51a0e230ce
39fcgkHe9Zt8SaZuCSjvwI,A Tu Lado o al Lado de Ella,Paz Martínez,https://i.scdn.co/image/ab67616d00004851d7545d67986053f09ce272ce
01rUqOzttbD5suGJdTtUtz,還是會,WeiBird,https://i.scdn.co/image/ab67616d00004851361dfa18d77cfb2a0770bf26
1g2ZA7SEOEio0tiPRuKQlS,Ven a Mi,Los inquietos del vallenato,https://i.scdn.co/image/ab67616d0000485128ce0cca073fbca40003d904
60ndTWfoSXWqHUVpYTDZ3h,I Need You,F.R. David,https://i.scdn.co/image/ab67616d00004851a58e764b8e4ecbdbbab56783
3U4aD5lR1h9WrO3eUPaf6H,Baanina Haniyu,Raghu Dixit,https://i.scdn.co/image/ab67616d0000485115bee6c58181618c6d1d149e
3kQDIa85ZK8cKVn72NfBnl,I Don't Want To Spoil The Party - Remastered 2009,The Beatles,https://i.scdn.co/image/ab67616d0000485155612ece447bec5d62c68375
6f95FOOZKZ4ohUBT4iz82A,She (Uguale a lei),Laura Pausini,https://i.scdn.co/image/ab67616d00004851b348c30d5e718e974af7e4d2
5UEtsmhfAtUb1KmPGougtO,Recuérdame,Pablo Alborán,https://i.scdn.co/image/ab67616d000048514a247de304646e93bc3b0bee
7Ejucxw0uCAB63oblBp9sv,Pare Com Isso. . .,João Mineiro & Marciano,https://i.scdn.co/image/ab67616d0000485161aa641e26887dfbbd476734
6i3WsHR9yqXhRYcyWe4UOk,Mía,Armando Manzanero,https://i.scdn.co/image/ab67616d00004851d16cc67ac5659978a8d7050b
6OT3bcLuLJGxQsvzNM4Z29,To Şiya,Erdoğan Emir,https://i.scdn.co/image/ab67616d000048514c07f730ae6b1f6f49e479b0
5ABN3O9UPw2rIYoygfMd8o,Deli Mavi,Melis Sökmen,https://i.scdn.co/image/ab67616d000048510281be8fa2f7c846b71b578d
6OHqA1tmgXlrJ1QIdXmoy2,Dronk Wees,Akkedis;Albert Frost,https://i.scdn.co/image/ab67616d000048518116c7f1d22770363801be00
6VkeGLdwzmIT17vlxARwvb,風起了,Hins Cheung,https://i.scdn.co/image/ab67616d00004851bbf11bec139885f2f3a31fe9
5CU49hVvPscyV9iXOeEBIT,אם יש גן עדן,Eyal Golan,https://i.scdn.co/image/ab67616d0000485150fbfd6e946e6836e6ccaa49
0zyBp77LRMslEReFBzo3AP,Alma Rebelde,José Alberto Reis,https://i.scdn.co/image/ab67616d00004851d9a9740a3e64909678c744b2
3p3SnaOfok6cgvnfdCq0NA,Swan Dive,convolk,https://i.scdn.co/image/ab67616d00004851630898c197fbb9f99bd3f422
4OME0beaxaHyDZig9GujeF,Verte a Ti,José José,https://i.scdn.co/image/ab67616d0000485167722bea30b2a008d00a7585
4wBImoo0wHN7nuqcFp2M8j,Jag Går Upp Och Håller Käften,Coca Carola,https://i.scdn.co/image/ab67616d00004851e7cacbcee189809e5d2fef85
1fkBlNKYjd3IYl7wMH5omd,Need to tell you,Porterhouse,https://i.scdn.co/image/ab67616d000048511dabe293b3a08b7221e465eb
0R16WTMkgRE3XYqannBWnY,Every song you sing,Herreys,https://i.scdn.co/image/ab67616d00004851d637723a8937b193ff05d2e4
5GlFoq0th0ht8PjcEmmVju,Ég beið allan tímann hér,Björgvin Halldórsson;Regína Ósk,https://i.scdn.co/image/ab67616d0000485177a11a5e8b9a033f1ec95333
0tSNRUX4Bw77JX9RpaWGLs,Det går over,Hver gang vi møtes;Maria Mena,https://i.scdn.co/image/ab67616d000048510fe6afb947871ba90600431b
0P3w8D7NAJb5xYvSQBpHq9,"Don't Worry [From ""Reply 1988 (Original Sound Track), Pt.2""]",Lee Juck,https://i.scdn.co/image/ab67616d0000485137a6c20ddb07d40f95f16eab
1RP1Ht9w1lWrZlgTDVNAkp,Æ Har Ti,D.D.E.,https://i.scdn.co/image/ab67616d00004851a700e3e2fb9be4d2993b5b76
2bgNDd2yPBMz58GOshqaGs,My Ideal,Maxine Sullivan,https://i.scdn.co/image/ab67616d0000485107a5f64421bd6e7a5d8d09f8
5w5fUjfat5LcVrZv2CRd6w,Someday At Christmas,The Jackson 5,https://i.scdn.co/image/ab67616d0000485108a0fe33e91b991d2c9c9cde
45n18lBNQ6UygmM82cBcld,Wyznanie,Kasia Kowalska,https://i.scdn.co/image/ab67616d0000485127e0e68b635637dd8ad05f17
1jvXDliR7yd5nh2SzFe5Q4,จะจำไว้,กุ้ง ตวงสิทธิ์ เรียมจินดา,https://i.scdn.co/image/ab67616d00004851ddad34b760a10a5cbae0e07b
0AecXUTs8fdePRKHrQNgfg,Innamorata (Sweetheart) (with Percy Faith & His Orchestra),Jerry Vale;Percy Faith & His Orchestra,https://i.scdn.co/image/ab67616d00004851b6aceff6d3c1ba13f274ace3
5wkUfhKdCzHRGK7XwpMksC,Into The Deep - Live,Citipointe Worship;Chardon Lewis,https://i.scdn.co/image/ab67616d00004851ee7be3149c1b252d47915ff8
5D8Nin6waWHFxi4gyP5nda,Superman,AGA,https://i.scdn.co/image/ab67616d00004851467ed8ba6f89265e2ca46cc2
1MidPkYXUfOXvv8GcFmCPZ,美しい星,赤い鳥,https://i.scdn.co/image/ab67616d00004851e7e0b39bf3bfbe692d2122f3
5viFjDGTnrApmUY5c8qkfw,A Whole New World,Mena Massoud;Naomi Scott,https://i.scdn.co/image/ab67616d000048519986d69836eac008a927b032
25TzaK4yQjhMumjCXHh5A4,Kaduilla tuulee,Jari Sillanpää,https://i.scdn.co/image/ab67616d000048510dcab75add7e032bdca1c7a7
3iASGIFlQ3RbavXMPobRuW,「花」 -0714-,MY FIRST STORY,https://i.scdn.co/image/ab67616d000048512f9fff1373d842405981b628
5FUkeL8EMmVQ8uuArVWSc0,Black Dahlia,Hollywood Undead,https://i.scdn.co/image/ab67616d00004851e3a40a64f0473c111cf42b06
0DjwfrJg0Y8PQapxWoqHtK,Amor Eterno,Isabel Pantoja,https://i.scdn.co/image/ab67616d0000485164d049426f462159370b0d1b
5jY9rGAts1JAmhEdT2PV0F,Gimme Love,Eddie Meduza,https://i.scdn.co/image/ab67616d0000485154031cc0f9aeedd11891b501
0r40835qnungJTnrG2Dero,Silicon,Skítamórall,https://i.scdn.co/image/ab67616d000048510bcbd6d6c3449d559049f1bc
6PZsKs6zJXuPQeGObHjvKJ,Ariel,October Project,https://i.scdn.co/image/ab67616d000048516e6862d20620338429d5448c
6OIIq5JCIfL41LLK43DoTF,In the name of love,Cora,https://i.scdn.co/image/ab67616d0000485130818378bf30fb1b3f0827af
5tPCoWE7uXZrsDob7b2vAJ,Blusa Vermelha,Trio Parada Dura,https://i.scdn.co/image/ab67616d0000485107d6f0ebfebe6a9336d250d2
01mi8kdneku99A7CgVS1pm,The Minute You're Gone - 2000 Remaster,Cliff Richard,https://i.scdn.co/image/ab67616d000048511653cb2369456b07d2cafce9
5DL6BDuqhnQw8HfIvUYkm9,Caballero,Alejandro Fernández,https://i.scdn.co/image/ab67616d00004851f238014d8efba0a490a94a53
0HNLcgqWsWujRD60i74YaI,Estasi,Flo Sandon's,https://i.scdn.co/image/ab67616d0000485188898658f203abcd809212a3
1OkB9Vm0Nl4CQNT6vzhKUi,ドレミのうた,Naoko Inamura;東京放送児童合唱団,https://i.scdn.co/image/ab67616d00004851563509d73c68996eed514056
1esP0Y7IJXYm8KYaMYt79n,Meu Desespero (A Tabela),João Mineiro & Marciano,https://i.scdn.co/image/ab67616d0000485161aa641e26887dfbbd476734
5wzGvQszwH2DVqWjYBnihG,Quiero Cantarle Al Amor,Myriam Hernandez,https://i.scdn.co/image/ab67616d000048513d198233af31c13f62639be1
2x4bGp2X59nEqEHm4PQbcF,Saat Kau Tak Disini - SKTD,Jikustik,https://i.scdn.co/image/ab67616d000048517f4ab2057226fdc88132bf57
2ibpvjsnk0JjgtaPTqLXpo,A Friend of Mine,Gilbert O'Sullivan,https://i.scdn.co/image/ab67616d00004851a4aca31a06862c742009f1c6
57xnHICRgvsCs2Ss6TmXWM,"True, Fine Mama",Little Richard,https://i.scdn.co/image/ab67616d000048518a22827b01e5d68d3736d58b
5oI5tSchObjLMplzrOiiVX,La ballerina del carillon,Ligabue,https://i.scdn.co/image/ab67616d00004851a66be88f0a0e969abb723ae8
4gGmXJn69MpVzpmdTZvFIc,Rio Verde,Los Iracundos,https://i.scdn.co/image/ab67616d00004851ab99d1d5e2c60442ab6d9c3a
3L7njrsS6rqL01Mo1xQLvg,Auf Den Mond Schiessen (Hinterherfliegen),Wolfgang Petry,https://i.scdn.co/image/ab67616d00004851390c4958624c6155428f8bc2
40WqcngmB4oYompCswuSO3,Heartbeat,Tahiti 80,https://i.scdn.co/image/ab67616d00004851f77d1b4e9c1f1029fef472a4
464f3dIMYxSHy3SPoXSEiS,נפלה עלייך עצבות,Knesiyat Hasechel,https://i.scdn.co/image/ab67616d0000485142b4e8db728a0633fd98b0c8
0ANOTG5KTos5Rr2UbXErBt,SALAHKU,YonnyBoii,https://i.scdn.co/image/ab67616d00004851eaa488ec94fc8cfa058698a2
32yL6EJXrQ3IPbQf4zpl1a,SALAHKU,YonnyBoii,https://i.scdn.co/image/ab67616d000048517f5cd6caeae56bcffcc60cd9
0s2pg6Xxl4SilRWFRealfL,"多情的野貓 - 電影""多情的野貓""主題曲",姚莉,https://i.scdn.co/image/ab67616d00004851727f6dc25fee5c0c54492ae8
3YwLLWTyTSQsHbaNSVbvNB,Stuck,Darren Espanto,https://i.scdn.co/image/ab67616d00004851b11e731c233f2bfbc5766d92
4gpFHdqyY2bVXueBkcimXk,Es Tarde Ya,Los Dumis,https://i.scdn.co/image/ab67616d0000485113df9fbe1784b7e569f98c54
1nxGSNnFCpDLwm3umCOUpi,Between The Raindrops,Lifehouse;Natasha Bedingfield,https://i.scdn.co/image/ab67616d000048517bdda56937f9f1b31cd31f71
7kPt9mmvufI8A99lvwlzAB,เอาไว้ค่อยคุย,Gliss,https://i.scdn.co/image/ab67616d000048516c5f165a39ec298f6274e8d7
5nG7d01slgarhGkfI9TGef,Gel Sar Beni,Selçuk Balcı,https://i.scdn.co/image/ab67616d00004851d09861daac8866440d1639fe
1AreDg21lyDIT9QWQL0PrG,Entre Copas,Bowen y Villafuerte,https://i.scdn.co/image/ab67616d000048517056bcffd57a6a2778f73168
4eiWRBciJKa3vttqCjUbJO,Irıe,Sattas,https://i.scdn.co/image/ab67616d000048515ac8e878a5af6bebbcd83cd8
054sQZ2qmw0Ya7N0XSxl3j,Smile Flower,SEVENTEEN,https://i.scdn.co/image/ab67616d00004851365a466edde82104003d7113
3otpn1ublkPgCcCDu43F8e,愛得太遲,Leo Ku,https://i.scdn.co/image/ab67616d0000485175ce5017ebb8d8e6eb3e44f8
5nAu0uysmjw8hcHQgV5Tri,愛得太遲,Leo Ku,https://i.scdn.co/image/ab67616d000048515bd70d5899069917432d3b17
2yZU98ab3QOflk4Iblsx67,失戀哲理,Jade Kwan,https://i.scdn.co/image/ab67616d000048515086057eea2c1332203e9c65
5yK3XXE8XJHhjxvR8QthMe,Johtotähti,Martti Servo & Napander,https://i.scdn.co/image/ab67616d000048519e47eeb5a14ac5c4ade91833
37Lpc5Sdn6mkupkODFfiHx,用心良苦,Anita Mui,https://i.scdn.co/image/ab67616d00004851eede5c610dc29373dee41a2b
4toJZb45Z3q12ope0LcJiT,รักจนไม่รู้จะรักยังไง,P Saderd,https://i.scdn.co/image/ab67616d00004851a997ab8eb353cb11b0bd9901
0sWK6UXufNcIXrWksgscyB,All the Way from Tuam,The Saw Doctors,https://i.scdn.co/image/ab67616d0000485134936dd63957a5cdae5461ae
3tlEroBPGxRnS50SdqpQhz,Ahora Que Te Vas,Los inquietos del vallenato,https://i.scdn.co/image/ab67616d00004851e08a4cdd0d7631c3ef6fd933
5msGi8dAwHD5ekF2gjrXY8,Hun er 16 år i dag,Grethe Ingmann;Jørgen Ingmann,https://i.scdn.co/image/ab67616d00004851b9305ece0fa3e5a58ebfa152
57IoS1HFmK13ATmXgwJbcj,Aaseya Bidalaare,S. P. Balasubrahmanyam,https://i.scdn.co/image/ab67616d00004851dd17edb8fd72dff146fdb723
7niX6FK0tAHeVf6VzrXPdI,Nemuzes Usnout,Petr Hapka,https://i.scdn.co/image/ab67616d00004851307cc1a56c1808d5eda02854
5GdUQQ8WYOSwpgMad7k7Gy,You're the Only One,Maria Mena,https://i.scdn.co/image/ab67616d000048511dda4717daea445d556d72d0
6jxrmvpjI0lQ47ryrUqG95,กอด,Nos,https://i.scdn.co/image/ab67616d0000485176547e400361fec001486e31
69EbCatk3DU7WqWCV0NOgJ,Levande och varm,Ulf Lundell,https://i.scdn.co/image/ab67616d00004851ce4d0d511ade9d05130177d5
4tQxZOLz0TqbklI5ke11uU,I Do (Cherish You),98º,https://i.scdn.co/image/ab67616d000048514e84156bc938e9677b77206b
5oNAM1EDsZocalSL7zxS1R,我們與愛的距離,Alfred Hui,https://i.scdn.co/image/ab67616d00004851fa58c161f5b9f599ec96b589
6xiMRV0OqmL9M4s37QD2i2,我們與愛的距離,Alfred Hui,https://i.scdn.co/image/ab67616d000048515d73a4ec55f7cc0b0c939086
5XGZNrNOp9iqSUtW5ZPu2H,Hei zo der,Kunz,https://i.scdn.co/image/ab67616d00004851876913075fd2f319e20fd5e4
64eXOaYsua0UicEvrZAW1E,En el Jardín,Alejandro Fernández;Gloria Estefan,https://i.scdn.co/image/ab67616d00004851ef790401eef28c834bbd503c
7EPFguiGTqQZM7wR3EI2In,Pelo Sangue,Giselli Cristina,https://i.scdn.co/image/ab67616d0000485193339823f6904e39660fe24c
1ZSoYOrjGyqrAr12tEp892,Ci penserò domani - Remastered,Pooh,https://i.scdn.co/image/ab67616d00004851501a8daa129237035b01a0e9
2I4SfKY9xsrvLNDR0pAf0T,ניגון עתיק,Yehoram Gaon,https://i.scdn.co/image/ab67616d000048519e83132df66e3b22f27437a8
4s6v246apVCuCd46OBveiV,Na Jhatko Zulf Se Pani,Mohammed Rafi,https://i.scdn.co/image/ab67616d00004851fdc9826511da818a5b532118
10nbX7xR8dNMPZHcBkfQIt,Pensa em Mim,Darvin,https://i.scdn.co/image/ab67616d000048514f006518afb542cd20ad7a6d
0lKMU8NiAJt20nez7MnTVn,Don't Treat Me Like a Child,Helen Shapiro,https://i.scdn.co/image/ab67616d00004851b41736773754754739a1887d
0sHHnlfdwl9s9lej6U7oRj,Fire Kara Frå Ørsta,Vassendgutane,https://i.scdn.co/image/ab67616d000048514258a0905fe0a3651f15b5be
5HBneUQMQ3ZJbSoRXCObLW,"J'entends, j'entends",Jean Ferrat,https://i.scdn.co/image/ab67616d00004851abc920418201ea20e492c524
4MbHwmdaADODyMQe4NlH3i,Problems,The Everly Brothers,https://i.scdn.co/image/ab67616d0000485156cba7fdeec1de00bce149f4
2owOdm4D8yOl9RgvQ30X7y,Desejos do Mar,Armandinho,https://i.scdn.co/image/ab67616d000048514075cbec056509accb962a04
6G5F6BsIuT4zpzILracNSa,剛好遇見你,Li Yugang,https://i.scdn.co/image/ab67616d000048518059b19f9f100a93a53a09e9
0WJn3YtKw5yNxBjjpxjUqK,Me Estrangulas,Guardarraya,https://i.scdn.co/image/ab67616d00004851d85cfd79b289558cb7e9e241
58IHXWossQYeboo7oBu9Wx,A Perfect Love,Trisha Yearwood,https://i.scdn.co/image/ab67616d0000485189b28f8cb80916de7143a42a
59g9tRMoYFB0eVeqamx3Pp,¡Sueltalo!,Gisela,https://i.scdn.co/image/ab67616d00004851ddca7303a96ac57df14f28eb
67KK8lM4bOhXjkCby8UOPx,¡Sueltalo!,Gisela,https://i.scdn.co/image/ab67616d000048518b742b2c2d81082f834a333f
5OtCJuUhazlTLwZMhXpiq2,美好的旅行,林依晨,https://i.scdn.co/image/ab67616d000048511ecb0f3d41a08adda7574acf
57pUHpCltt09b5w1W6m9qb,最近,Sam Lee,https://i.scdn.co/image/ab67616d00004851fbffb1985f65cb0488e14560
4YZf64vLfwur2XfRzwPvGQ,Şehrin Yolu,Feride Hilal Akın;İlyas Yalçıntaş,https://i.scdn.co/image/ab67616d000048513630611c2381dc23a3c63713
0w6XbUrkhcbGVtddlohx4A,Duriat,Darso,https://i.scdn.co/image/ab67616d000048518265b110f0b9f111ca34df02
5ipwrPD67wuyDS4oXWsqyz,Det Gick En Liten Ängel,Sven Erics,https://i.scdn.co/image/ab67616d00004851fe69fca203c649e503c4d162
0yS3WAbqrdjr8o3XseOqUK,Recuérdame - Nueva versión,Pablo Alborán,https://i.scdn.co/image/ab67616d000048517200dda1e5ef9a04d68349c8
3FL3Ka0iBnGV1RpQIKG6S0,Medicine Man - 2011 Remaster,Whitesnake,https://i.scdn.co/image/ab67616d000048516e3992efe0d090bcb368be0a
114fP40CgaxcCgWN5vVekB,La Morena,Mi Banda El Mexicano,https://i.scdn.co/image/ab67616d000048512f59bd3fb8e2f7272e497f4e
1j5u9yFcJcxZVI8STDdH8t,כשאלוהים אמר בפעם הראשונה,Matti Caspi,https://i.scdn.co/image/ab67616d00004851d3874707cffab97e4dcda1d5
4H4StIAv5eeuZFLt4alrYB,Hier,BLØF,https://i.scdn.co/image/ab67616d00004851273dee2e37abb03fd592e1b8
53GglwDT0KGpNxTRNtmJIb,One Time - Acoustic Version,Justin Bieber,https://i.scdn.co/image/ab67616d00004851c8f2f418080b32a1bbe87311
1DsQyEshUaan0BBb7fUQHr,Tere Binaa,Mustafa Zahid,https://i.scdn.co/image/ab67616d000048512317f776cff461790cba7222
0Uw6PXKgyou4KunNFfF9JG,Za tú horu za vysokú,Senzus,https://i.scdn.co/image/ab67616d0000485144b141f971898c8d167c51ea
2iIIMlxYsdF8qzumg0vXwq,California Girls (Mono),The Beach Boys,https://i.scdn.co/image/ab67616d00004851d677767f324e8e0fe63841d0
331aol4yMUVA93MsVBZV9R,命硬,Justin Lo,https://i.scdn.co/image/ab67616d000048510f2e9192e59fa84723191b23
5EbYMP36PD4AmdE04Aucqw,I'm Flying,Sarah Reeve,https://i.scdn.co/image/ab67616d00004851bb68d7a66d349a5e8ac89fb9
5TFAYTChzQDXryzXmNq7qm,Não Tenha Duvida,Zezé Di Camargo & Luciano,https://i.scdn.co/image/ab67616d00004851b2f8e87bd958b7d112a014d5
7vdDVWWrTkg7LYwkgcWha9,Marie,Alle Achtung,https://i.scdn.co/image/ab67616d0000485113901353f0e740d54893842f
4w2Yq2cklbssmUtUy5Vh6H,Better Man,Robbie Williams,https://i.scdn.co/image/ab67616d00004851c5f3aaf3b54a777d96ecf604
2Fj645bovBhdI4UmokXVln,Sonhos Perdidos,Chitãozinho & Xororó,https://i.scdn.co/image/ab67616d000048515051d8c678d558ba60bbc302
7lZqKaKCN4UUEDz2thRz7b,Sve Još Miriše Na Nju,Parni Valjak,https://i.scdn.co/image/ab67616d00004851503976b1e1285b532191fdeb
5A0u3u09y7aSRgkoQ3YkkI,"All'alba Sorgerò - di ""Frozen: Il Regno di Ghiaccio""/Colonna Sonora Originale",Serena Autieri,https://i.scdn.co/image/ab67616d0000485187c600946ecaaec473289ac1
3OUA3YNLMblk5wWhp2b0VI,Peace Be Upon You,Maher Zain,https://i.scdn.co/image/ab67616d00004851c17637c0111ce21bb3cf88b7
0X8GMqB5mrodVgL8HMZfNm,Peace Be Upon You,Maher Zain,https://i.scdn.co/image/ab67616d00004851b4b8a31f315d5ee56d56a785
1v7gpzvO9lGmbMLvIM8FHa,Eligeme,Luis Fonsi,https://i.scdn.co/image/ab67616d00004851ee6ddcd88973b0540c39c684
4MWRl5G3aJs3rLNn3oUOZa,Me Desarmo,Pavel Nuñez,https://i.scdn.co/image/ab67616d00004851cbaefae6d89ab31bc5809ae4
5T1OJndUVSJB3UhTZEiQ5W,感動每一刻,Stefanie Sun;Tanya Chua;JJ Lin;A-do,https://i.scdn.co/image/ab67616d0000485167e63749474acf96057a15a7
7KsGODp16CsYAmUcfJ2IzW,La Isla,El Roockie,https://i.scdn.co/image/ab67616d0000485169d1c065ae03ea062d59e2d5
4eFnTWQ9dpvPPUzOeG0R3m,Sandaran hati,Letto,https://i.scdn.co/image/ab67616d00004851176a6897f43d67d590dadcbc
1EmzRr5bIz6AOJYOk8lkYt,If Drinkin' Don't Kill Me (Her Memory Will),The Sweetback Sisters,https://i.scdn.co/image/ab67616d00004851896cc06dd47cd6288dde970a
3gri1yv6Nk9WzRcKGaSGtq,חלקת אלוהים - השיר של אופיר,Lior Narkis;Offir Cohen,https://i.scdn.co/image/ab67616d00004851e7e26759c3d1de00fe98cf6f
3yY5bv2il4Qn0sOKJtqagA,Lonely Teardrops,Eddie Meduza,https://i.scdn.co/image/ab67616d00004851857e1ec5329e2cc491879532
3RuxHP53fASOjWLgAiyCOC,Nyanyian Pagi,Iksan Skuter,https://i.scdn.co/image/ab67616d000048510bd6f7fd8019cf786558b49b
4Emx1u51ZtrhGA1nm5msY7,Powrócisz tu,Irena Santor,https://i.scdn.co/image/ab67616d00004851c3a6452165f69fe96af8ac32
6gpFeSgpn0F6JoxXatZmwM,有你有我,Supper Moment,https://i.scdn.co/image/ab67616d0000485141275b947490dfcc1aee5d84
5tJ9C637QdzR2WtmvkRLWe,擦肩而過,Sam Lee,https://i.scdn.co/image/ab67616d000048515a260674f1d002a7a63f1f4e
50c4uMepApQCQhq2ncU0r1,Myndir,Skítamórall,https://i.scdn.co/image/ab67616d00004851497836d4f8478bfc519d58b8
1ZgViWGusV8yqIUiyXkNN0,Si un Día Vuelves - En Vivo,Q' Lokura,https://i.scdn.co/image/ab67616d000048510fca297bc36649d93935931f
7h8I07BoeMwUv6R2l3OV95,עזורה,Yossi Banai,https://i.scdn.co/image/ab67616d00004851b01ec993d2b179c500d4ae36
6inSJbUcOpPRzGmQhk7axH,עזורה,Yossi Banai,https://i.scdn.co/image/ab67616d00004851330b19e42d2913542219cb54
2G8jB4liJQPELoUMRY1Gv8,Ten Days,Missy Higgins,https://i.scdn.co/image/ab67616d00004851d1012e47b1270d2c81e38cf2
1Vi4LJtnaZ7Ex3yiHI77Fy,Ingrata,Los Dinos,https://i.scdn.co/image/ab67616d000048519ea09871219776da09c6e830
3GofsEIX1L55GCO4SInxNq,The Gambler,Jigs,https://i.scdn.co/image/ab67616d00004851f1182e9d6c111cae646fcfcd
3XLiFwo3E7GeX4ONxhGIgm,Baby - Remastered,Gal Costa;Caetano Veloso,https://i.scdn.co/image/ab67616d00004851ff355b4d9857fc4b5826453a
6Q7gbt3fBClwFmyYaKubzy,Not For Me,Maris Racal,https://i.scdn.co/image/ab67616d00004851bf76be3f1401991c740aaa34
5qlAktQ7eUDu4QnPChf406,C'est beau la vie,Jean Ferrat,https://i.scdn.co/image/ab67616d000048514ecd4f3a5455a530545b64f1
1gV5ffrT9iI2rGKVdAuW90,Skip To My Lou,Raffi,https://i.scdn.co/image/ab67616d0000485170b3930a4f39951b23f9a610
3KeT1BjdgWiJP0BQeDVqFT,When You Tell Me That You Love Me (with Dolly Parton),Julio Iglesias;Dolly Parton,https://i.scdn.co/image/ab67616d000048516a0ab62ba7a85cd199b90b92
6phMPtxOkjdXR8ax9xoCJ9,Le pénitencier,Johnny Hallyday,https://i.scdn.co/image/ab67616d00004851f5b19cfcd4ff4d529533c625
5UaRF9vZF24XDDSwpLkHwb,"Ystäväni, muistathan",Berit,https://i.scdn.co/image/ab67616d0000485114433c9d98e18b1d57eb3346
5F5pKDI1TOBp4O8bTKTHpX,Jos sua ei ois ollut,Kaija Koo,https://i.scdn.co/image/ab67616d000048513c381c59e7105eeb6195fe5d
3waeSny74NN9HN1Bg4OKZp,Burbujas de Amor,Juan Luis Guerra 4.40,https://i.scdn.co/image/ab67616d000048512438b784c09580bf57d421d0
5swT7KlTOsD8xInEv9NoPA,痛愛,Joey Yung,https://i.scdn.co/image/ab67616d000048517d7841cf7ad3a2d1fbee5547
0StuO1Spn9uXwcnR8R523C,痛愛,Joey Yung,https://i.scdn.co/image/ab67616d0000485136f3fd74d4e3c50bd471fae5
10JWObCLoGww23iaCHVCl8,Olsun,Ece Seçkin,https://i.scdn.co/image/ab67616d00004851152d096d7889fb1bf6935754
6fBA4crv4eFRbk3ToUDjyY,Entre Copas,Bowen y Villafuerte,https://i.scdn.co/image/ab67616d00004851af4319e73e9eaa93d9924103
1ajzmM2OupBBT4Ys9b6BbW,としごろ -人にめざめる14才-,Momoe Yamaguchi,https://i.scdn.co/image/ab67616d0000485132d77b383b3324f00a04ab9b
2ob3bUBiVhypWDQistiLt8,You're All I Need To Get By,Marvin Gaye;Tammi Terrell,https://i.scdn.co/image/ab67616d000048514d680cca2a747020e4ee1b1f
13KmiyueaRdBDC5SY4oxPI,Breakeven (Acoustic),Maddi Jane,https://i.scdn.co/image/ab67616d000048516459f8dd132c48c51f0b126d
2O3sFKjbYc5dWD2Gz1VxOZ,Laksmana Raja Di Laut,Iyeth Bustami,https://i.scdn.co/image/ab67616d000048513273a94db1a09fb1ed556c66
1fEOU0JlxoNHWL76NM9p3u,明天以後,Vincy Chan;Raymond Lam,https://i.scdn.co/image/ab67616d00004851e195ca6d15b87c12bfe35296
0RHldQWFLZ3mNMU6FXfWrO,手掌心,Della,https://i.scdn.co/image/ab67616d00004851fc6bd25261ead19bcd0f1bc6
3HvpG0eEIqqxaZ5oJiUkwo,On kaikki hyvin - I Gotta Feeling,Katri Helena,https://i.scdn.co/image/ab67616d00004851417aaaedde61d1586886c7d9
4qqM11dV7X9CFjSbbgRdZJ,Car,Built To Spill,https://i.scdn.co/image/ab67616d0000485112cadf4a9c48ad082c7b3390
48zObw92BIsbP77GaSv7ds,Spenntur,Á Móti Sól,https://i.scdn.co/image/ab67616d00004851dfcbd8a9a6e57a7885fb985b
6w2q9iV3oJAjcN8cPKNT4a,Heaven,Gotthard,https://i.scdn.co/image/ab67616d00004851e84eeaeaab32f6277a9b7382
3qvirSwQU6gnZkyLNtvCDr,Over and Over,Puff Johnson,https://i.scdn.co/image/ab67616d0000485108ca2e4f9096418c55a87425
4yIImgO3UONrKZVubl8yei,有淚多好,Phil Lam,https://i.scdn.co/image/ab67616d00004851f69d17ea00244a4aaae3918c
5HCIPsjh6QvSegk7jjsJnb,Pes Tis To M' Ena Gioukalili,Manolis Mitsias,https://i.scdn.co/image/ab67616d00004851bf96eaa53619e03cb6c258cd
4mFWIVsh5yJsLaaanQ8Hjr,Wil Je Niet Nog 1 Nacht,Glennis Grace;Edwin Evers,https://i.scdn.co/image/ab67616d00004851046ef0fa7b9e4999e533f1f9
5pqhqSdrxLXDZY9eeCAtSJ,"Libérée, Délivrée - De ""La Reine des Neiges""/Bande Originale Française",Anais Delva,https://i.scdn.co/image/ab67616d00004851d7b42de078345a948eb419e1
1ahse1BbdBrGWLGVEXjnke,เรณูยังหนาว,Orrawee Sajjanon,https://i.scdn.co/image/ab67616d0000485146356e7dc7eea099a55b806d
2DMhMm4VquB0wJnfzdhird,Misty Water - Stereo Mix,The Kinks,https://i.scdn.co/image/ab67616d00004851f37175486dab83ab84789bee
061Bgzbyv4KsAbFxEBIk1J,Feels Like Saving The World,Outlandish,https://i.scdn.co/image/ab67616d0000485107af05e050105898ab992c9e
0FlQr1kPj50rAee1kJjk5p,獨家村,Kay Tse,https://i.scdn.co/image/ab67616d00004851aeb84dcbeff70f38531cbe16
1O2dsMjC5U0Pg8YPCgwGIn,Santa Claus Is Coming To Town - Stereo,The Supremes,https://i.scdn.co/image/ab67616d00004851d7236d2934293e64197ad529
2EVoW8svLgqhmuLzpkIkY3,Ganz In Weiß - Neuproduktion *,Roy Black,https://i.scdn.co/image/ab67616d0000485195d2b9b388bcc195d88c2a3b
3G3ldgT5rUD1XtvoJcjsrU,發現,Ekin Cheng,https://i.scdn.co/image/ab67616d00004851ee64fb75185cea7d15f2984b
1zerT4YdzjkBBZtTMh6Tzt,Filosofia,Leny Andrade,https://i.scdn.co/image/ab67616d00004851a75bbcd24e0d8f67bb8abdd1
6LnCPXqXPcxPWi1bYxh5cC,Part of Your World,Shiki Theatre Company,https://i.scdn.co/image/ab67616d00004851c88587d27030959e268103df
4aZgTGDBZn2L7JwZG0rKzz,Sandy,Rúnar Freyr Gíslason,https://i.scdn.co/image/ab67616d00004851883b708858ce67768bb8fb1f
4beDjVImBfBTSaFM7dKNEy,My Kind Of Town,Frank Sinatra,https://i.scdn.co/image/ab67616d00004851f87d979eb0e45e89ec3c25dc
1Sfsib5kgJPxGA4x3BBY9R,Jangan Bersedih Lagi,Anuar Zain,https://i.scdn.co/image/ab67616d0000485114bfe848dba3a55cd1ef2984
3qXM7Lz5hcYnpTj4IXvFld,Worst That Could Happen,Brooklyn Bridge,https://i.scdn.co/image/ab67616d00004851ee3135e396898b14fbdbdae1
75dNOsoC6TLvSp4qkSBw4H,Swinging On A Star,Dion & The Belmonts,https://i.scdn.co/image/ab67616d00004851318c9027bcae3d352bed7462
41q8hjZMQ6whZtqFvBpMBo,Nkosi Sihlangene,Vusi Nova;Bongani Radebe,https://i.scdn.co/image/ab67616d00004851921e33d9e1a9d2021654ab75
2o0V0AATmWmCmMOAFWDuEV,Let Me Go (feat. Chad Kroeger),Avril Lavigne;Chad Kroeger,https://i.scdn.co/image/ab67616d00004851817da73d6641ddbcc0a50363
45mtACVZUmG7hL1lPTnBGM,Playa Azul,Mister Chivo,https://i.scdn.co/image/ab67616d00004851f47d0196d42bf4e44166aff7
6rr9XgYiRogE2HQqZU8Iut,Poor Ned,Redgum,https://i.scdn.co/image/ab67616d00004851debc373016091a1c7fbb8b13
0GsTXDn3cn4LZKrm2to8fl,どうぶつのおしゃべり,ブライアン・ペック;サイド・ストリート・キッズ,https://i.scdn.co/image/ab67616d000048517ef1eea979ba16573bc64c28
2zh6yEGHoV9olxEgoXgu7h,An Iparhi Paradisos,Natasa Theodoridou,https://i.scdn.co/image/ab67616d00004851dae8fd283dbfca583f17d16b
4EJVtnH8HXFtvozEtacXq7,Penipu Cinta,Jaz,https://i.scdn.co/image/ab67616d000048510f10eccf7c43e29b50ded4d6
5s7XN8VNVPjwzLlqrkZOtn,Hål E Hål,Luxus Leverpostei,https://i.scdn.co/image/ab67616d00004851bdd5199a03c0c4df75f68f6f
6Vvu4W6N3OUMhVBEiXyAeb,Rock-A-Bye Your Baby With A Dixie Melody,Judy Garland,https://i.scdn.co/image/ab67616d000048512f93f5570ed3fa7e82dee396
3c6XiJriv0R2eexety6QBE,"Do Doh Dontcha Doh - Live, The Blow Up, London, 4 October 2005",Edgar Jones,https://i.scdn.co/image/ab67616d00004851a67abda5fe196320430d7a69
0O5860cfPHRIhohkTq9ont,A mano a mano - Live,Rino Gaetano,https://i.scdn.co/image/ab67616d00004851e607f3dac70848bbbabab369
5G3UKLP9EqeBvCo1cZje2x,Excuse-moi partenaire,Johnny Hallyday,https://i.scdn.co/image/ab67616d00004851a095f580e6f6f45b0f15b2c6
3n5vC7xdrrSRsICXTm93qt,Zábudlivý,Zlatá brána,https://i.scdn.co/image/ab67616d0000485174bd6ebb497cc7a7f02122d8
0kPaQoi0n0f3qANfYoxyVF,Vuelve,Reik,https://i.scdn.co/image/ab67616d00004851ec2e96b6a618b3c2eb6a14e0
5eZMaFZIvBK1pd6pAw07fz,Otra Noche más,Rusherking,https://i.scdn.co/image/ab67616d000048518483068d01b5022846658d62
2KUnfUQpQTkwrxQCHgySXH,Ya No Hay Amor,Los Byby's,https://i.scdn.co/image/ab67616d00004851c736e6d9e1b1c5c3b82ef6bf
5qW3ewuyye4ITEJTFrLJ9Q,Cosi' Presto No,Biagio Antonacci,https://i.scdn.co/image/ab67616d00004851950b94fb96925f4bce04836d
7Gg6GuicEiaWNySzA57XPl,Mi Peor Enemigo,El Gigante De America,https://i.scdn.co/image/ab67616d000048518c38304286e34c37cdab5fe8
4T76298W3ekpRkDjHwoF97,Way back home,The Boswell Sisters,https://i.scdn.co/image/ab67616d00004851879668c23327b0ebd86d98b0
1RkpvTBiVBpTvwj3n8JPf2,Quando a Gente Ama Demais,Zezé Di Camargo & Luciano,https://i.scdn.co/image/ab67616d00004851b2f8e87bd958b7d112a014d5
5wFEw8rdKXoi88HaXkAUm8,魔法って言っていいかな?,Ken Hirai,https://i.scdn.co/image/ab67616d000048515b22b3218867e8bb1006adff
2T7p0pEZJTZ1VACtj04mKV,等愛降落,CoCo Lee,https://i.scdn.co/image/ab67616d00004851295fc0117ee5b484341f26c1
7kwzfysVXB9DkVlUHdQoQo,El Trencito Cañero,Canticuentos,https://i.scdn.co/image/ab67616d00004851c8d8e9e1b3cc911006a10d03
2jvrUFdJTjcgs94427PqHx,Like a Rose,A1,https://i.scdn.co/image/ab67616d00004851c0ed7eb8bfb1336c3592f6ab
5KBaAjJmse2eGfUuqldlfX,Lidojedi,Tři Sestry,https://i.scdn.co/image/ab67616d00004851f75205d261624d7842dbabfc
4T8S8GeRu5jwcEJqFZ5twz,Nice,Oscar Zia,https://i.scdn.co/image/ab67616d00004851ec732b867969eec8bbc39c7f
7zedIdswcnY9eW6e4wImEs,Let the Pain Remain,Side A;Jun Reyes,https://i.scdn.co/image/ab67616d00004851e3ab62c488ff9dec50d47339
4Vo0iTCUlkBfh1Xsx8o3wI,人生的歌,Huang Yee Ling,https://i.scdn.co/image/ab67616d00004851109fcf35477a384903d22a51
5IoLgsS2vq18Ymb6F7PNgR,A saudade continua,Tião Carreiro & Pardinho,https://i.scdn.co/image/ab67616d000048512fbe2247dd004f2904e5d46d
7Jcvu13qlP4km0uDX9p2pZ,Que Bonito Es Querer,Ulices Chaidez,https://i.scdn.co/image/ab67616d000048510de190bfb0a41e2149308d0c
0COwA2Odxe5ARAaLnPKyj2,Quand je t'aime,Demis Roussos,https://i.scdn.co/image/ab67616d000048519447efc0773acde8c50badd8
6S7OasCBXfcWs583Tg54hQ,You're in a Mess,Falling Joys,https://i.scdn.co/image/ab67616d00004851beb487763d55d0c6fc30672c
6vJdrOAROaZL8oJyLZgIRX,อกมีไว้หัก,Bird Thongchai,https://i.scdn.co/image/ab67616d000048512a83619ce0e4beb14d792302
4JXLpjrS0CzEze3ZMwjM5n,Heartbeat,Tahiti 80,https://i.scdn.co/image/ab67616d00004851344ccdd784597653055733c9
5Dl0YDutfymkh5rJtxwalG,我的夢,Jane Zhang,https://i.scdn.co/image/ab67616d000048511976b5bf9c7fe70eac8b2941
28I4aLCjiO7Zduz6yolar3,"No Time, No Space - Spanish Version / Remastered",Franco Battiato,https://i.scdn.co/image/ab67616d00004851dc7aac8303b68beceaccb57e
3U4isOIWM3VvDubwSI3y7a,All of Me,John Legend,https://i.scdn.co/image/ab67616d0000485194c9217a398f5174757c0c78
17pTrxXoImaxvSRe3MStNF,Tô ficando louco,João Paulo & Daniel,https://i.scdn.co/image/ab67616d00004851e085c2ecd4be25451fe4cae5
5igergxmhUCO3rMpeenAPU,Aku Mahu Pulang,Amuk,https://i.scdn.co/image/ab67616d000048513b1abb2596c0e6200f99ae9f
54IZc8naTIT5BhyQgC4u39,"Baby, I'm Yours",Debby Boone,https://i.scdn.co/image/ab67616d00004851f1261efb05286fadeaa0734b
2bXSOincOMol3NnkLuo7or,Triste de Mi,Sonia Silvestre,https://i.scdn.co/image/ab67616d00004851cdb3d29a5ababc0723cee46b
7Eo7MHQ0CbjuhXcskIfZmu,Andam Sharanam,S. P. Balasubrahmanyam;P. Susheela,https://i.scdn.co/image/ab67616d00004851347eab0476765ef389d0b735
1G5QvPSpuTqGU2aJ7EEmvA,Pensando en Ti,Los Kjarkas,https://i.scdn.co/image/ab67616d000048515a1b765682f48c349cacb85d
7LFf0lSLXf8VhICJW8vSeQ,春待気流,Tsuyoshi Nagabuchi,https://i.scdn.co/image/ab67616d00004851bfbc751d28fb4101f19fd4c8
2P1NF2ouvMc3aOjeXdfynr,Vete,Los del bohio,https://i.scdn.co/image/ab67616d000048515b53c7e6c74ba0f1e1b68ce7
2SBYNpz6mwcYNMPCMvuI1D,C'est mon histoire,Nana Mouskouri,https://i.scdn.co/image/ab67616d000048518536c9317452800a542516b4
6kebjay5sQj7W3MpuB8i3F,Bringin' On The Heartbreak - 1984 Remix,"Def Leppard;Robert John ""Mutt"" Lange",https://i.scdn.co/image/ab67616d000048519b5694de012399bf6a7042ea
5COePbRqAjwS4DPcdEoWEy,The Death of the Cog (Remastered 2020),The Cog is Dead,https://i.scdn.co/image/ab67616d000048519577eb31ea9935773f8f4c0b
4CX9xjTvo4P4gw9mWYy4CG,Poia eisai esu,Nikos Kourkoulis,https://i.scdn.co/image/ab67616d0000485185fc7978a22a19a73d8d2cb6
6pdniTvjCMRdmt2Mgr7iGY,Você é tudo que pedi prá Deus - Magia,Cezar & Paulinho,https://i.scdn.co/image/ab67616d0000485129538436a52ac0f497defc25
3bqYHUih1TEpYCr1WPg8Kv,Brooklyn Kid,Cross Canadian Ragweed,https://i.scdn.co/image/ab67616d000048519386683b0dafecd9c60962f5
3pEzPtVg84wNIrjBCELeVM,Andai Dapat Kuundur Masa (Versi Asal),AXL,https://i.scdn.co/image/ab67616d00004851bf9106dcd10a4c1a1761e6d8
39YLYBDcFOZACFD4QXZvJI,Shima Logou,Haris & Panos Katsimihas,https://i.scdn.co/image/ab67616d0000485194091e7877c5bb2e9a64e87c
4LAMtAXaBc7Qu6eoPbbMFb,Bjellene klinger,Per Asplin,https://i.scdn.co/image/ab67616d00004851d344b11ecda7ed58e0cf6c33
5AX3yffUhLshjIiWydeToC,Bon Dia,Joan Manuel Serrat,https://i.scdn.co/image/ab67616d00004851502ea1102ea7d1edab1495ae
2vlF0mchUOHVPj7ag2RX6a,Ciúme de Você,Forrozão Baby Som,https://i.scdn.co/image/ab67616d00004851b59fc625e4ca52c4df98d23b
7htWuazarn407jLZTQZp8P,Dia Dia Dia,Fatin,https://i.scdn.co/image/ab67616d00004851ad02c2509e644c414e622888
3hVGJPaFRDSZoi2WJZZI5b,Lola,Contravía,https://i.scdn.co/image/ab67616d00004851e05bd1e6b28047628c3162e8
76nsVFXrt4w1ANQx04k0DF,晚風,Wu Bai,https://i.scdn.co/image/ab67616d00004851574541164c6e7f7f849e3b27
60Mx5Ut8e6Rp1xnYjk9teN,Hard to Stay Awake,Morten Abel,https://i.scdn.co/image/ab67616d00004851810eaf1b01a5248ab814b11f
4TK6J2fr5gN1OR79zYDR2J,Katasza,Hey,https://i.scdn.co/image/ab67616d000048514b2c1f743757e55a5cee3366
5KXvVKXCSJgyQZEo3Njxep,בדרך למילווקי,Iggy Waxman,https://i.scdn.co/image/ab67616d00004851e83d4659fc9b7d981b05f49c
5dOxHHMOFAbG3VH23t0xNm,Righteous,Juice WRLD,https://i.scdn.co/image/ab67616d000048513e0698e4ae5ffb82a005aeeb
38CrH0Oabu0Kj4uLDKtOJb,Etsi Ein' I Zoi,Viky Moscholiou,https://i.scdn.co/image/ab67616d00004851a7bb31dcde1b898b4951bf01
7f7nKmhCrEaNTvwufIbeF2,Silêncio de Um Minuto,Nelson Gonçalves,https://i.scdn.co/image/ab67616d000048514e7a6aa2c8a3b52afb76f196
0QB6ZLsS8Uem91pBo9dzUb,Bandala,The Partridge Family,https://i.scdn.co/image/ab67616d00004851c8c09307a141419d7b52759f
2oC99uEopMvVGjsb70kour,Ku Akui,Hafiz Suip,https://i.scdn.co/image/ab67616d000048512c8ce0c839b026200ed61d0c
1tbfHPbrcz0oAwwTWQ7CwB,Beksa,Artur Rojek,https://i.scdn.co/image/ab67616d00004851de7acce5008ef82b197f7640
7Aqoqzxk59qCK1rjzxihcX,心雨,Jay Chou,https://i.scdn.co/image/ab67616d0000485115154feeb27e2ae74a720993
5RM2seF8xXbntn5veOfZpu,Y Ya Despues,Costumbre,https://i.scdn.co/image/ab67616d00004851614a2780e769e8941a89a47c
7i70Xs9NrINx2x1G3nHSah,Du försvann som en vind,Vikingarna,https://i.scdn.co/image/ab67616d000048519eaf57a5b892cb1f869aee33
7dFIUVbhTDZVxscZtwtFTc,รักเป็นเช่นใด,Sib Lor,https://i.scdn.co/image/ab67616d000048514faa94904bc833cba0472f85
0YXOc4ngvaxhB0IJRFNvTh,合久必婚,Hacken Lee;Jolie Chan,https://i.scdn.co/image/ab67616d00004851083d626468fce9005df32829
3IdSUJXeJ2stlXftRNOh2e,A Deeper Shade Of Soul,Ray Barretto,https://i.scdn.co/image/ab67616d00004851b32c5cdbd5ba5bbf8ba3e9ea
5UL9UEYLhqnAZF2xOv2oeP,Because of You (Acoustic),98º,https://i.scdn.co/image/ab67616d000048510ebcf49ed2cf6f326affb7ce
2yu8KEueD5INspLmDN59m7,"La Lluvia Nunca Vuelve Hacia Arriba (Obra Inspirada en ""La Lluvia Nunca Vuelve Hacia Arriba)",Pedro Guerra,https://i.scdn.co/image/ab67616d00004851ca974fc192eff8c92889d293
2NHGE2AX7LPGdwLkFCuUeT,愛到瘋癲,Power Station,https://i.scdn.co/image/ab67616d0000485190ceed4862375f0d68f55002
6epvwUINain4iSHCTWA0sj,The Village,Wrabel,https://i.scdn.co/image/ab67616d00004851b7dbe44cdb20411e6ade9e9e
5Aj0agGNOflU5NYjOB2Dck,原諒我,Jam Hsiao,https://i.scdn.co/image/ab67616d00004851e4602ab25d9e7255ff28f3ed
14GF59EMBo7U0xYdYKLtyS,ส่งแค่นี้,Trai Bhumiratna,https://i.scdn.co/image/ab67616d000048519cd6603bf7d4ba71af3e1691
5Jzp2yfmFOYAo7n7ah6kVg,This Is Not Goodbye,Sidewalk Prophets,https://i.scdn.co/image/ab67616d000048512822abbe172148c0a2a22961
4noDB5yYhapKRpkuGCrUoh,陪著我的時候想著她,Claire Kuo,https://i.scdn.co/image/ab67616d0000485198a60ee954f9874c05d71742
1u85IxfmAJodCwTsFXwdGq,Kau,Dua,https://i.scdn.co/image/ab67616d00004851d67e8c938590bca27a0f4e56
7644tkYEsGykYfdBMW3uTB,Tormento D'Amore - Dueto com Charlotte Church,Agnaldo Rayol,https://i.scdn.co/image/ab67616d00004851b9e1b57fc8cd46a8c592f2fc
0dIwh05Anv2mXcvclnC4mb,1/6000000000 feat. C&K,KUSUO;CLIEVY;KEEN,https://i.scdn.co/image/ab67616d00004851ab5bcb42d1eca870b58dda5e
5C6G0t0cZdsWFGMNcPP1Fg,Hançer - Akustik,İlyas Yalçıntaş,https://i.scdn.co/image/ab67616d0000485173209c05937668a49e082fa2
1TlqTeJQi0azu53ayzyHq5,Nobody Knows,P!nk,https://i.scdn.co/image/ab67616d000048510156b42e6443277454bb30fa
3GU6MsQVwoyEVUPO15oGBA,"Lad Det Ske - Fra ""Frost""",Maria Lucia,https://i.scdn.co/image/ab67616d000048519448359d6cdbf9cb7a46ed92
7HErXvltYDqTUVcOCPmfDz,U Make Me Wanna,Blue,https://i.scdn.co/image/ab67616d00004851364b6c1e6800490c7e507e8b
7bkkh11tEqDzeWUlR9rQIs,The Wreck of the Athens Queen,Stan Rogers,https://i.scdn.co/image/ab67616d00004851a846789b39cf02cafbae9d80
5AdFg6xXI5iky3jTpgNrwo,Naisten tango,Taisto Tammi,https://i.scdn.co/image/ab67616d00004851910d772a27e3334f0b0ed0aa
1ODeiKg9SUpB2tCGEYUHkz,我對自己開了一槍,Buddha Jump,https://i.scdn.co/image/ab67616d0000485119ed78c1b01fe208f707c15f
50kiCruT0CAfZvS24kqh6O,Hasta Siempre,Pepe Guerra;Numa Moraes;Pablo Estramín;Carlos Alberto Rodríguez;Larbanois & Carrero,https://i.scdn.co/image/ab67616d000048518c01e20d0ef20e77cdedb20f
4aDyOAJdgIUfzNXwvRc4lQ,מצאתי דרך,Mercedes Band,https://i.scdn.co/image/ab67616d0000485178d81f1cca7068d3c969aae1
2ms4INaR6UpB1x1Ao6iLv6,You're More Than a Number in My Little Red Book,The Drifters,https://i.scdn.co/image/ab67616d00004851b339cdeae56adef848d8ac2c
3tK0QiB2t2gP41hDt9JdW9,אוקיינוס,Eyal Golan,https://i.scdn.co/image/ab67616d000048514ad0111102a79c082d058a12
2fNOP2r6yPyVsz1AyHmQKQ,Falling In Love With Jesus - Falling In Love With Jesus Album Version,Jonathan Butler,https://i.scdn.co/image/ab67616d00004851746499e0d424c406daaa9a55
2PZZXaFpbQfJ9rPDtFhRmK,הבית האפור,Danny Sanderson,https://i.scdn.co/image/ab67616d000048514c8bd69abb38abe656628d17
2ggD5DOO5C0VTGsreSc64U,House Arrest,Bryan Adams,https://i.scdn.co/image/ab67616d0000485105a41288f037a08fb45db5e2
1Bqp065WUoZOAPIFNYGT40,Manassil - Duet Version,Naresh Iyer;Deepak Dev;Megha,https://i.scdn.co/image/ab67616d00004851b12a4709a1787d69fdb4d380
0VxtLzp4pbprAzjmGM6Fjb,Vilken härlig dag,Arvingarna,https://i.scdn.co/image/ab67616d00004851645d30fe04a7b72e7469752e
3GocZfIBX8WnCiRsSW4VSC,Ночь Людмила,ДДТ,https://i.scdn.co/image/ab67616d00004851a2ebdf2b1daa6b4e99adb42b
1IK73sX1G6iqtGied9zqSf,Stop going through the motions,Una Mae Carlisle,https://i.scdn.co/image/ab67616d00004851807e2b914f885da1a2ec4921
2jimm1jAeazqJAmcn5JXvR,I'm Still Loving You,Shiga Lin,https://i.scdn.co/image/ab67616d00004851fdb0125791133bb283be084c
4rOxOFYrYzl71sJ2Y4Nu0f,I'm Still Loving You,Shiga Lin,https://i.scdn.co/image/ab67616d00004851c4202eed78c0abcf99594551
3Bk4pJaPl6oiHm1RFQDxWF,Megtalállak,Gaspar Laci,https://i.scdn.co/image/ab67616d00004851a8a1877e8b02cbd9d8d5c37a
5A9Ks8tpfrt4LR22D3avvu,Poios Ein' Aftos,Marinella,https://i.scdn.co/image/ab67616d00004851479cac74f0b8b940676fa6f0
037TaIr0WJYv2yMae5LWOb,20 ans,Johnny Hallyday,https://i.scdn.co/image/ab67616d000048513daa36a282bc0ff27443bb20
2Tqaaqx4poSgAX8fsTV1DG,Morsian joka sormelle,Aarne Tenkanen,https://i.scdn.co/image/ab67616d00004851ceb902a64e608c3b89612c69
3oLbyze7uimqXEzjchNLDz,שכל העולם יחכה,Nathan Goshen,https://i.scdn.co/image/ab67616d000048516bc34ad7ef9fab7cc3cb2a97
463XKKFCPlcrhtlwGbEovu,Fana Merah Jambu,Fourtwnty,https://i.scdn.co/image/ab67616d000048514fe255e0ba819e903f5fc4e5
2e9ubFSxKQtJh1MDbVzMug,Fana Merah Jambu,Fourtwnty,https://i.scdn.co/image/ab67616d000048513cf39077d8c55d001cef87ab
205i1h5IucbkofkL0wT50l,The Last Time,Eric Benét,https://i.scdn.co/image/ab67616d00004851b790c8c0ede9bbae14a64e98
7Bx1uf0UQ4tfJg3rR53E79,Hei Joe,Eppu Normaali,https://i.scdn.co/image/ab67616d000048513960de5187c53571d585567b
5jNZErJlng9BXvageKGqEZ,Dónde Estarás,Grupo Libra,https://i.scdn.co/image/ab67616d00004851e498b422c16804aebabcd571
47RWebcm3DR0l1zguaaxtY,Kör Bıçak,Yaşar,https://i.scdn.co/image/ab67616d00004851d6652ff2755bedbda0914b35
5V2oYvfPrbIFeRRFs3qFQN,"Slå Dig Fri - Från ""Frost""/Svenskt Original Soundtrack",Annika Herlitz,https://i.scdn.co/image/ab67616d0000485104ca3d7818e58b65869ee7be
5uGtiM2h3yvahRNiustrWf,Já Passou - Portuguese Version,Ana Encarnação,https://i.scdn.co/image/ab67616d000048514787dc97ba262470bee3449f
62eDFtwpX6HgkwtpcAEipD,傷心的歌,Wakin Chau,https://i.scdn.co/image/ab67616d00004851be89dbf357e6f05161fd189d
4f4Y28igrS5WPRnIbUGKM2,Ik koop main kleru bai hai,WC Experience;P.Marcelissen,https://i.scdn.co/image/ab67616d000048513ed57bf54571bd53987c447e
4lthTadTs7WMkpn9w2krk4,Paint,MoonMoon,https://i.scdn.co/image/ab67616d000048510bf0e31757f8a4b726e49971
2PZP5cagtOXdDmGzOUiL1Q,Die Gelofte,Adam Tas;Appel;Chris Chameleon;Juan Boucher;Ghapi,https://i.scdn.co/image/ab67616d000048518308d4946f97598dd8ab1309
7koGsTopJtl7Eog6YZWYxk,Hasta Siempre,Numa Moraes;Erika Busch,https://i.scdn.co/image/ab67616d000048512bcbb22c22f82b4922d31397
4HjOORAjpT9V0GQlzDOXmc,Aaj Ki Raat Charangon,Aarti Mukherji,https://i.scdn.co/image/ab67616d00004851e33bbc394e3b3b735ef5ee9c
5pljZ0S0WG7uIvjPLXabHI,Дожди,Игорь Корнелюк,https://i.scdn.co/image/ab67616d0000485102c76db72fb4eb1b58bd20da
5k515gCkAm2nV8hzdz0JDI,Viņa raud,Ivo Fomins,https://i.scdn.co/image/ab67616d0000485187998a371a81d67dc8b66714
4mrDXeRifQfTIKmqzU6OwL,Wake Me Up - Acoustic,Aloe Blacc,https://i.scdn.co/image/ab67616d000048514de16370db3ca53c8e29e72f
4CwmADrKXdpTZNCNh3LUkk,Još Me Peku Suze Tvoje,Ljubomir Djurovic,https://i.scdn.co/image/ab67616d000048516bb159274f163b7877d2d54e
3dbl6CqGAZCtyREHBqq0Cb,เปลี่ยนเป็นรัก (เพลงประกอบละคร รักต้องอุ้ม),นนท์ ธนนท์-Non Thanon,https://i.scdn.co/image/ab67616d00004851d0035260151257da32581fec
6w3E5LukLdcxlplEXeHgJW,Para Longe,Anjos,https://i.scdn.co/image/ab67616d00004851aaa44eb38b36c231a4102651
2mq2g9ebttzLgt81Q7DbGC,Por Fin te Fuiste Mabel,La Mississippi,https://i.scdn.co/image/ab67616d0000485120f76ebad833d20053f9340b
2w5oAUNGeqZ70CW8lw39xk,Himno De Victoria,Danny Berrios,https://i.scdn.co/image/ab67616d00004851790f4167795e16a269abb2ad
03TsBgLrmPcDjtbCNKukUX,קצת שקט,Oshik Levi,https://i.scdn.co/image/ab67616d000048516fd9c27e5cc851782306ce64
2tX5u0tKj6VdtDoUJ0PB85,Moonlight In Vermont - Mono,Sam Cooke,https://i.scdn.co/image/ab67616d00004851cb3b78336289d818803892f8
7EzeNbQHT6DHxQty56qsbN,你的情歌 (電影《你的情歌》主題曲),TANK 呂建忠,https://i.scdn.co/image/ab67616d00004851fc6d80236a07c9e15b3561a4
5KnrwVBs5PqS3WIzzPiwTZ,Reconciliacion,Las Hermanas Núñez,https://i.scdn.co/image/ab67616d000048514f9b6fd1d84407d19ddaad32
4tNyEuD1Kr6kak324UcEgx,我沒資格,Jia Jia,https://i.scdn.co/image/ab67616d00004851a30f82e2708b38d910dc022b
4EFzqCGxxlR4b64i2U99O6,Amor Mio,Tres de Copas,https://i.scdn.co/image/ab67616d000048510602f6fc1e482b9a75eff5d0
3WbkxUC9VsfttbOD0XswWw,Les anges qui arrachent les âmes,Said El Ghamidi,https://i.scdn.co/image/ab67616d00004851c1bc53e572a77814337a921d
2rN1zGskgTWUj3xIksHEHm,first dream of New Year,noiam,https://i.scdn.co/image/ab67616d00004851497fcdea802e204ea3ebe681
6hfOhL3rHxmB5kZ6lE2dkc,Kupinang Kau Dengan Bismillah,Rossa;Ungu,https://i.scdn.co/image/ab67616d0000485192661d7d588c52a4d2b69550
2zg81ICnGkrCgGGiNHgRZx,All I Can Say [Acoustic 2012] - Live,Lordchain,https://i.scdn.co/image/ab67616d00004851d5df4235ef9b330645aff55e
3noFOYfM2JC92Y9RuGk8Jh,"Sanam Teri Kasam (Reprise) (From ""Sanam Teri Kasam"")",Mohammed Irfan;Palak Muchhal,https://i.scdn.co/image/ab67616d000048510fdb412097b068b00b03fd49
51DhjyDmsVzb7A3ReWuwFj,M?s? dienos kaip švent?,Vytautas Kernagis,https://i.scdn.co/image/ab67616d000048510a53867eb41879db905dca55
7pCB7fqy7qss17ytQ2Ju7W,重來,黃小琥,https://i.scdn.co/image/ab67616d00004851520a24cae7a3c948ec2721b8
0KzcD5rBOrAKPvvbGnvTZ7,Los Patos y las Patas,Nosequien y los Nosecuantos,https://i.scdn.co/image/ab67616d00004851662e0c4e8f4cbfd64eb9da88
53Tknogo7I069QDTfb1STG,Que Vida,Wason Brazoban,https://i.scdn.co/image/ab67616d000048512f1251277461d75821085f7f
1CF7cK2JzMJUTXBvXfr4s9,被動,蘇慧倫,https://i.scdn.co/image/ab67616d00004851b10d597e633ba5da25f95174
1m1Fpr1nbeqSIiaFoFNh61,No Saber De Ti,Los Nocheros,https://i.scdn.co/image/ab67616d000048518d40c0e46d73e3e3b7966b20
6NSlNryPDSICV6ER6ZRosi,In My Mind,Heather Headley,https://i.scdn.co/image/ab67616d00004851ec85b0e379f460c67175647a
5s15vRgTIH6UjlQHfVSQnX,Fredag,Trang Fødsel,https://i.scdn.co/image/ab67616d000048512a2a5569e84412b52333a9e8
2GcamvOOWT3zVZoZIPL4zC,Private Conversation,Lyle Lovett,https://i.scdn.co/image/ab67616d00004851c528d42a5fe78e108e83b068
39lzGXZtf95pXYUacz2Kd4,Dia Perfeito,Cachorro Grande,https://i.scdn.co/image/ab67616d00004851bffe028d2498514212b8cb8a
3anAZLy1BG0VKBCCU649J3,How To Love,Kohmi Hirose,https://i.scdn.co/image/ab67616d00004851b60086833bd44b9fc21769f8
6sytVTbGYwLqTH5SNcuFYy,Berceuse pour adultes,Lynda Lemay,https://i.scdn.co/image/ab67616d0000485155e705d81ff5f018c03cf405
2lRzcVCnWqYwttNNfbPHW0,Desesperado,Andrés Cepeda,https://i.scdn.co/image/ab67616d00004851b020287dabb730a9f8b239bf
1HibPS9XZcq91JkEFVNdHx,המלכה של השכונה,Omer Adam,https://i.scdn.co/image/ab67616d000048514b1900ef4f9d8fa6c40424b8
2zDWF3VAfj6wl2rH5E4vLT,Midnight Train to Georgia,Gladys Knight & The Pips,https://i.scdn.co/image/ab67616d00004851ddf75d8eea5443cf68150e42
4vDbynd70iJyq5Zdgs1rYQ,Denme un Ride,Juan Gabriel,https://i.scdn.co/image/ab67616d0000485119bf3aaccccd1f2a876fdde0
7jM3kp6fLMBQaPDOs66wVc,El Rey Ya Viene,Rocio Crooke,https://i.scdn.co/image/ab67616d00004851bd0b1f51319b04b28dd83fe7
35PM6cvBZnIhhheTQg6UU2,Sana Kahit Minsan,Ariel Rivera,https://i.scdn.co/image/ab67616d00004851775400534e7138e70f8d87f7
5l1DRutSEVtp52WxzGg90J,Almost Here (Duet with Brian McFadden) (with Brian McFadden),Delta Goodrem;Brian McFadden,https://i.scdn.co/image/ab67616d00004851dafff3f5ee4e38e38c937541
6VwHMn6TNj4K3ilRtB8yAQ,Dear Whoever,Toini & The Tomcats,https://i.scdn.co/image/ab67616d000048512ff8317512670445c810e3ff
3szpUCUlNPwtIOrkUMJs98,華麗邂逅,Joey Yung,https://i.scdn.co/image/ab67616d000048517f45fcbd7f5f5467cd11a9f7
0CZNWG6slHQuXtOb2NF1fa,華麗邂逅,Joey Yung,https://i.scdn.co/image/ab67616d0000485136f3fd74d4e3c50bd471fae5
6Wu2lDyCOca3utRf9Dz3C9,Ci Sarà (There Will Be),Al Bano;Romina Power,https://i.scdn.co/image/ab67616d00004851fc547fa60400679596a16640
4tPOynGe4DmNmEyKWFAcTW,Bring Me Down,Rivermaya,https://i.scdn.co/image/ab67616d00004851ed85086a2f9577635caff039
4BjoGM4sbmtmXYSVG3Jr3K,Stay With Me,Martin Nievera,https://i.scdn.co/image/ab67616d000048515f4d2cd747cadc6f4cbc8e3a
33xXoj49p8LSUqIsRPxFOO,Bloqueame,Simon la Letra;Pablo Chill-E,https://i.scdn.co/image/ab67616d00004851dbd4948e0a37e33af9ba87fb
4rzTxZaFsTXQN54WimO4QU,天天,David Tao,https://i.scdn.co/image/ab67616d000048510aee670b96c585c15ec6d127
45Uc69a8z00EnG71xkuuVS,Like a Rose,A1,https://i.scdn.co/image/ab67616d000048510b75442d8041af8cb2297aaa
7Ls2h4RqryIiqqwSLEoWMM,D’Essai,Ernesto Bassignano,https://i.scdn.co/image/ab67616d00004851f4c86de5098277256d8d5b37
2hcWYNvgrV5HSYpFbjDIo5,If You Could See You (Through My Eyes),Kenny Lattimore,https://i.scdn.co/image/ab67616d000048516e8163d943100736fefe70c4
6TjpGzKvek8CCRa8xwxXDm,Mandy (with Percy Faith & His Orchestra & The Mellomen),Rosemary Clooney;Percy Faith & His Orchestra;The Mellomen,https://i.scdn.co/image/ab67616d00004851c80578b58ee22e60e16d3dd9
4wK0tuMjkiG1PD9YbWkZt7,Harmony,Zac Brown Band,https://i.scdn.co/image/ab67616d000048514d005d6881d80313c1127580
6Fq9G9IjdvcO3r2p1l6XvX,相見恨晚,Julia Peng,https://i.scdn.co/image/ab67616d0000485161e993f1a774cbfade9a1515
4h0JpAep84WY6pZNonjCET,No Hay Paredes,Jesús Adrián Romero,https://i.scdn.co/image/ab67616d00004851a4775cf88d3872f243948307
0evXboz27Zi9AMc5IoIXmW,Too Late,Takida,https://i.scdn.co/image/ab67616d000048517f39de094132d8d4c5ffa153
0DJEprQwDjcMJ4P1WR5RRQ,Wear Your Love Like Heaven - Single Version,Donovan,https://i.scdn.co/image/ab67616d0000485136f219e0dcf073df4232b05e
4634Q6zs4pvqGAXS5uXZau,יש ימים,Liran Danino,https://i.scdn.co/image/ab67616d00004851e80870f4f533116f6fa2eb9f
6mysmOfQMDKYc1tRqEujO5,We All Fall Down,Jun Kung,https://i.scdn.co/image/ab67616d0000485124f05b6dc641b6107f5cc722
2Y9Ba19fSLw9EJyGdLf0Wy,下一站天后,Twins,https://i.scdn.co/image/ab67616d000048510422c5de251b70604cb1a986
0Bkz1HjfhYFLUcBpraDpeD,Amor del Alma,José Alfredo Jimenez,https://i.scdn.co/image/ab67616d00004851aa940604d8cd7bba825185e9
4Xob2idqw5s4D1T29pQ4I9,Acariciar lo eterno,Jeites,https://i.scdn.co/image/ab67616d000048514b263c6a35cfd291f2043a4c
2hjGZ11huyuVc6Cnb2sM5h,Why,Avril Lavigne,https://i.scdn.co/image/ab67616d000048516f82d67876de8126901b2daf
4tV1iiCswneD9htDLYa3ZY,חייאתי,Nasrin Kadry,https://i.scdn.co/image/ab67616d00004851a23e51c994b238a2c1788012
7k0ahlHosIWblaaIsEqJ8M,She's Like Texas,Josh Abbott Band,https://i.scdn.co/image/ab67616d000048517d505cc5a37a4ca0223d6984
4R9mto7GccoNMeHsBMxVx8,Aku Punya Hati,Kahitna,https://i.scdn.co/image/ab67616d00004851176d612527c47723de1cc9d0
0bt0FyLrJoNu7rB5yH7T7a,רוחות מלחמה,Rami Kleinstein,https://i.scdn.co/image/ab67616d00004851c57157de857968694ee3c147
1TfqLAPs4K3s2rJMoCokcS,Sweet Dreams (Are Made of This) - Remastered,Eurythmics;Annie Lennox;Dave Stewart,https://i.scdn.co/image/ab67616d00004851b3994c94dfb241923664bb4d
6oWLiyRpo1ibp2vKNxHG0T,Sweet Dreams (Are Made of This) - Remastered,Eurythmics;Annie Lennox;Dave Stewart,https://i.scdn.co/image/ab67616d00004851537c6843c6b64ba9d75ecbfc
4GSiGak8HPbJy1kRlyWx1L,Falling In Love,Balance,https://i.scdn.co/image/ab67616d00004851bd89b1a74a9e5aba55d3023b
2hdNya0b6Cc2YJ8IyaQIWp,Livin' Thing,Electric Light Orchestra,https://i.scdn.co/image/ab67616d00004851ee5b1065368b0981e3cb0a33
11tBmdYw2wQ6G0ZvQOkxwu,Fuiste Mía,David Bisbal,https://i.scdn.co/image/ab67616d0000485149a2562013810352fc8feb6e
4RJ0uZccfgmVTJcyiabNK1,คำน้ำเน่า,โมโน,https://i.scdn.co/image/ab67616d000048517bae189a50f3882dab60f21f
6Jm1OuOAWfUEk1ntKM41lV,Conversation Piece - Mono Version; 2015 Remaster,David Bowie,https://i.scdn.co/image/ab67616d00004851e3e8624911a47cf76695b273
52stTtAcjSqjTe5adykorV,求佛,李尤;李绍继,https://i.scdn.co/image/ab67616d00004851eaa7795d53b31be6d6b98a2d
5FkOlv0W1nBqs3mgbksZa4,whatever it takes,convolk;halberd;guardin;Jakkyboí;9tails,https://i.scdn.co/image/ab67616d000048515f52585e72ee577920738cad
4Fpq4QkR06QRDkujBUk0JY,I Got A Car,George Strait,https://i.scdn.co/image/ab67616d000048516a8f1249f73f0a9395d33230
3z2tMUfqJGseXv1xH0kR5i,On Bended Knee,Boyz II Men,https://i.scdn.co/image/ab67616d00004851111a3a31440d2e371dca53c5
3mVejMBdiZREcF6iSIZeyK,Dime,Los De Adentro,https://i.scdn.co/image/ab67616d00004851644ab6519cb225f85008cd6d
36GEXVegVJeGrbqwNIgFDA,Дорога в облака,Bravo,https://i.scdn.co/image/ab67616d000048512ad7741a0c881b9d5b34fae1
2UGKWVuXUFvYBz4fV0xBnm,Hedonism (Just Because You Feel Good) - Allegedly Acoustic Mix,Skunk Anansie,https://i.scdn.co/image/ab67616d000048514940a0b61714c7e9be1b3e84
42et6fnHCw1HIPSrdPprMl,Semi-Charmed Life,Third Eye Blind,https://i.scdn.co/image/ab67616d000048514139c9208eeed67d2a211beb
2Mh5kKww64HjNxMq8D592J,Mai più come te,Claudio Baglioni,https://i.scdn.co/image/ab67616d000048514d88f0f1769c01ab2bdbe848
5yIiA4XgbAulnvZ9SVVinT,San To Fyllo Ston Aera,Giorgos Sabanis,https://i.scdn.co/image/ab67616d00004851b758047a990f45b8e6bf077c
3kG7djeNDvMRTr13K5pCeF,With A Little Help From My Friends,Roger Nichols & The Small Circle of Friends,https://i.scdn.co/image/ab67616d000048516b18efc9992e2d73f5cec795
0UVsKpBdWb5FMH6DFMbbfP,She Said Yeah - 1997 Remaster,The Animals,https://i.scdn.co/image/ab67616d000048516539a6e3f078cce6b919e95b
0XPsOSYzDJZJArevQNm2AR,Speechless (Full),Naomi Scott,https://i.scdn.co/image/ab67616d000048519986d69836eac008a927b032
3BBahK6YhmPosOymF45cMu,Speechless (Full),Naomi Scott,https://i.scdn.co/image/ab67616d0000485139d5f5bc2419a083b9ddb448
0srufTOzWP6tzBsZn05Sww,Vis a Vis,Leiva,https://i.scdn.co/image/ab67616d000048512ca41b1a14694e717f500bad
7aAjFQts7Js7R5J0VF3Ny2,Шалава - Remix,Faktor2,https://i.scdn.co/image/ab67616d000048511c3dfd48cca11e8443e5e2e1
2YtnggOozYXxbKccWUnrIu,Good Thing,Rebecka Törnqvist,https://i.scdn.co/image/ab67616d0000485164c62428424326cdce5482d2
49upHYRmWInQj16vlrsDo9,ทำนองที่มีเธอ,Potato,https://i.scdn.co/image/ab67616d000048516c6950f15bfbfc83536749ca
35HUTPXDcabVPo8wBnu4j0,คือเธอเท่านั้น,Parata,https://i.scdn.co/image/ab67616d000048519a99db16b8b43c5d0879129d
0vUhFXR5U6STaLKAIlsHMK,คือเธอเท่านั้น,Parata,https://i.scdn.co/image/ab67616d000048519a3cf55bf73f153cf541ed78
7Livy729zY16jBsppfYLRW,Nang Iwan,This Band,https://i.scdn.co/image/ab67616d00004851b017b7296b3c48aedb271e33
4QDG27qYvJP0FVtwE6Homh,Me Canse de Amarte,Grupo Firme;Grupo Corporacion,https://i.scdn.co/image/ab67616d000048517b6cae7052c7e3045e7d9922
1Ist6PR2BZR3n2z2Y5R6S1,Summertime Sadness,Lana Del Rey,https://i.scdn.co/image/ab67616d00004851f894be72a77b1488292672c7
2Wl2S9Fmjg2GFCu8qtwyi0,Playa Hater - 2014 Remaster,The Notorious B.I.G.,https://i.scdn.co/image/ab67616d00004851fde79b88e2a659c394c5ae30
61ZGyX8OgIlxJZkZn64IjO,Summertime Sadness,Lana Del Rey,https://i.scdn.co/image/ab67616d00004851aaa285930cd1623de3eb60c5
7sZUHAC6nadme4EwrLe99Q,Summertime Sadness,Lana Del Rey,https://i.scdn.co/image/ab67616d00004851144b68ab879368681e505466
6mfWBByknQkaV4VtcUypgm,Nothing's Gonna Stop Us Now,MYMP,https://i.scdn.co/image/ab67616d00004851a178a61be355f383c824c41e
1FEiijYPJtyswChfcpv3p0,Summertime Sadness,Lana Del Rey,https://i.scdn.co/image/ab67616d00004851959280fee07d485cb5b56fe7
0B4jcZKVz3jb0rhivYq54d,Summertime Sadness,Lana Del Rey,https://i.scdn.co/image/ab67616d0000485125544cd65c6f85d55ec66b20
33CeM8NI7tfrNgciVOFMoo,Summertime Sadness,Lana Del Rey,https://i.scdn.co/image/ab67616d00004851d9f65b386758b99b283f1d93
4uGmFkbEMlxV3nkBigiev4,Мужчины Не Плачут,Lyapis Trubetskoy,https://i.scdn.co/image/ab67616d0000485119656d661eb9bced8483fa81
1cAefHhDcHcGIv08C1tdYj,Varför åka skidor,Niss Olsson,https://i.scdn.co/image/ab67616d00004851700844311f3763c15768d871
2l7OubvFZ6dN8J0TaLZsMc,Kærlighedssangen,Anne Linnet,https://i.scdn.co/image/ab67616d000048511f1a6dc02e12e63a6f0370b9
6ndF1XQNseMhJGp7wAAILs,Dear Mr. President (feat. Indigo Girls),P!nk;Indigo Girls,https://i.scdn.co/image/ab67616d000048510156b42e6443277454bb30fa
6AfQFiqiCcjbcpUSdHXRA6,角落生物,Anson Lo 盧瀚霆,https://i.scdn.co/image/ab67616d0000485135d801187de93913080d37a0
4U6ielcXJ3extVlB7n4QV5,Sól sól skín á mig,Sólskinskórinn,https://i.scdn.co/image/ab67616d00004851206cbb3a807d36e42fcb58ec
0jB41HxKj9W6DMd3RjZA5c,Alegria Por Todas Partes (Glad All Over),Sandro,https://i.scdn.co/image/ab67616d00004851bb978c1ef49a312b4bb1e898
1LvDAt1OMaVlpJLedK9qv2,星のうつわ,Sukima Switch,https://i.scdn.co/image/ab67616d000048516ab0c9ab31e3b5d8ded3354b
4i2MawkPqobqr8SRwZKJSX,明日へ(15th ver.) - 15th ver.,MISIA,https://i.scdn.co/image/ab67616d0000485129ee6cd1adbe927a00a614f0
0O490fH7UIDpb8REQoKUfr,Que Pasa Entre los Dos,Carlos Torres Vila,https://i.scdn.co/image/ab67616d00004851ac86d39e9989984047c5dbc6
4dpNIotUDqw7YnqAnt3JEg,Blackstar,Georgie Davis,https://i.scdn.co/image/ab67616d0000485185c5cbf79cda1bc6f297beb4
6KTWsN4A5xBMDeuskQRtfQ,Tomorrow,Gerry & The Pacemakers,https://i.scdn.co/image/ab67616d00004851e402a3adf6065be4f9bc08f4
1jmkXdTr3JQJSsbJuiwOSL,Не для тебя,Pelageya;Народная песня,https://i.scdn.co/image/ab67616d0000485100c05dbc05d4d6d76d2cfa2d
1xZ4I97Lx4aIUSW864CV4x,發現,Ekin Cheng,https://i.scdn.co/image/ab67616d000048510280852a5cb5af24dd3092b7
08yoKh0fLCZXMGp4kLFGA0,親朋勿友 - Solo '05,Stephy Tang,https://i.scdn.co/image/ab67616d00004851bf0b2543e7333944a8add528
5q2YHHeXeaJNke0OV4MAgx,Kvinnfolk er det nok av,E-76,https://i.scdn.co/image/ab67616d0000485194146d8a54f38da415ff5140
3WOhBONFm59WkXDGsfn6mu,La Alegría Del Señor,Danny Berrios,https://i.scdn.co/image/ab67616d00004851790f4167795e16a269abb2ad
1440FZI5zWr5sJOkJuxsKO,Él Nos Ama,Seth Condrey,https://i.scdn.co/image/ab67616d000048519269fa6e717c8de47e2736c6
7HMHLN0jJ8qLHXgM458E7G,El Bote,Los Rancheros de Río Grande,https://i.scdn.co/image/ab67616d000048515b3d95e533de7adf22debf81
2Pf6JCMdgmP3LjTbmxqNqA,悲傷止步,Yvonne,https://i.scdn.co/image/ab67616d000048518fc3d678409b0171f3ccfebf
0DHpr7eLBrRZvlXa4sNwhd,Canção do Apocalipse - Ao Vivo,Diante do Trono,https://i.scdn.co/image/ab67616d00004851b7b30185dc36abd9b2d9a750
3UMRabPKzBcWLeTh2ybDHN,Compañero Amigo,Olivernoel,https://i.scdn.co/image/ab67616d000048511aaf52ea5adaed6ce90851b0
0ZJA3QhZZCun3NfJbZNP1M,One Last Cry,Sabrina,https://i.scdn.co/image/ab67616d000048517e5deb5dca5589794077f985
0lJ5GhkXTeVU4RVS81wgn4,Cuando Salí De Cuba,Celia Cruz,https://i.scdn.co/image/ab67616d000048516464318b5465e9d165ac7f12
1JDrOaok6v2WvFW4fM9smv,Merenda Kasih,Kahitna,https://i.scdn.co/image/ab67616d00004851b09e43acba71b02dea059ad8
5YOgH5HmXb1ydRrnsAcdiA,Tomorrow,SIX60,https://i.scdn.co/image/ab67616d000048514eed335ec06ed07ca0bb1b48
7vlVcdB87F1gUoZHQreRfi,Tai Bent Telefonas!,Tele Bim Bam,https://i.scdn.co/image/ab67616d000048514884c744459c1a3b57b8c49a
7ofV2J7Ndzo2s5NBEgfpxl,The Show Must Go On - Remastered 2011,Queen,https://i.scdn.co/image/ab67616d00004851f7c223721f1d860395444dbe
08nOTU1hu4UtUKECe9FdA8,The Show Must Go On - Remastered 2011,Queen,https://i.scdn.co/image/ab67616d00004851722e8199c68b0de4ee08bccb
6xhov369Z8LGxYMQzKfNjJ,Red River Valley,Bridie Gallagher,https://i.scdn.co/image/ab67616d000048511fde9fe7f93e9903e15ce011
45mT1MnzrmK2e6cKkW6G8M,Perdoname,Fausto Rey,https://i.scdn.co/image/ab67616d00004851cd83e91a04e8c7e10af032f1
4VSeXhMyBHz4KsCa95bRWN,Cinta Itu Terindah,Anuar Zain,https://i.scdn.co/image/ab67616d0000485114bfe848dba3a55cd1ef2984
3wbNzr2yhKQTLg95zEiMsx,Minca vo vzduchu,Team,https://i.scdn.co/image/ab67616d00004851826f46a00ae03aeef75be02c
2ZjJ8Vs3EvpNwLvIzroB4U,Deus Está Contigo,Rose Nascimento,https://i.scdn.co/image/ab67616d00004851aa29e1b035abd565770740ea
41deEIEMGCdXrkTw92jxMj,Doktor,Sefa Topsakal,https://i.scdn.co/image/ab67616d00004851106504fa02d9efa37315555c
6QS7WOzYNwfBpiRdJJku44,Jagat Musafir Khana,Anand Bakshi,https://i.scdn.co/image/ab67616d000048517b3ff6520b83f18b271bf0fe
4v9ruGgAQ0Sogt36FugTEx,Í Fjarlægð,Friðrik Ómar,https://i.scdn.co/image/ab67616d000048517a0b64eecb791711c3776dfc
7zuwaenG5AF0vG7o7kMduX,Redeemed,Big Daddy Weave,https://i.scdn.co/image/ab67616d000048518f056e656dff02daf0958282
0XQ4LkacUzudMV7QsWuKFc,Que Estrella Serás,La Dupla;Martín Piña;Toto Riva,https://i.scdn.co/image/ab67616d00004851389ddfd4ab15f512777c8a3a
1cJ95cxCNyBPkWSe8AE3KH,Jausmas,Soliaris,https://i.scdn.co/image/ab67616d00004851f7090c2c5d5ee37bb2e6e83c
6vLeClPziJQ3Z0wifEzMYe,山旮旯,Jay Fung,https://i.scdn.co/image/ab67616d0000485105b3dd4fd21d0cc7fa5d10d7
1FHyeleXso8kLXXNfnqWEL,畫沙,Cindy Yen;Jay Chou,https://i.scdn.co/image/ab67616d000048511f0cb9431ec152e3a6efc031
73RBCj1CY01CIM3HuMshVw,Redt si no vo mir,Züri West,https://i.scdn.co/image/ab67616d000048518dee328a23e937b8b366055b
5BX4ez5Wz62RdJANkifj3k,Tierra Mala,Los Chiches Vallenatos;Amin Martinez,https://i.scdn.co/image/ab67616d00004851444f8c97f1c80d693901521a
4TTYsYuhG7W8JpM1tBrwwI,Tierra Mala,Los Chiches Vallenatos;Amin Martinez,https://i.scdn.co/image/ab67616d00004851219da515e3946972c37d2a9c
20O3SdTajXv1EFjH29DjVO,Tierra Mala,Los Chiches Vallenatos;Amin Martinez,https://i.scdn.co/image/ab67616d000048511c0b5fe5ba722a30f090f182
2c2JfVJLQx6RUocYtuq7vA,האהבה הישנה,Eyal Golan,https://i.scdn.co/image/ab67616d0000485125eec3c4b2fff23f169da7f7
4xqklUJPLyuffNdiyDonPn,גיבורים,Itay Levi,https://i.scdn.co/image/ab67616d00004851df565e85dc46fac35143f1cf
3CfJFvw5ead2JzMlByu7ab,Meu Dia De Sol,Barrerito,https://i.scdn.co/image/ab67616d000048514431e4da40bc1ef41b254bd2
2s13x3EPE0QCv5V5zAvNOQ,Você Vai Ver,Agnaldo Timoteo;Angela Maria,https://i.scdn.co/image/ab67616d000048513a88b29cc0b37410d9fa6899
13sfRyeAT2PHqUEaR72ROK,Se Me Va La Vida,Aljadaqui,https://i.scdn.co/image/ab67616d0000485171e4da3d697aa8acff546a3f
4RfcpoBjLWbmpPWCvnjAzi,Mig og Charly (feat. C.V. Jørgensen & Sanne Salomonsen) - 2012 - Remaster,Kasper Winding;C.V. Jørgensen;Sanne Salomonsen,https://i.scdn.co/image/ab67616d000048519be68f140ef82fe32f5a81f8
1TdOTYUc9GASwlgFvjCgZy,祝我生日快樂 - 無與倫比演唱會對唱版,Landy Wen,https://i.scdn.co/image/ab67616d00004851ff1a60b1052ff0de930520e2
0W6B5p3K2ibOlhySOiGhlB,Shree Hanuman Vandana,Hariharan,https://i.scdn.co/image/ab67616d000048516d9a2050e82ce05424dca5aa
7mOgT9naDzRPiRlzOEcv2G,Passionate Friend,The Teardrop Explodes,https://i.scdn.co/image/ab67616d00004851672eb09c6b075231d2fcae80
7D5GWeMBRZARGZl63SRtG3,Sorry Suzanne,The Glass Bottle,https://i.scdn.co/image/ab67616d00004851ca55625f8818b79659de00bd
5cI1C4xzp4P300ACkwAZYj,This Christmas,Monique Nikkole,https://i.scdn.co/image/ab67616d000048514f282f6f0107838174ec4b65
5TMJGT7hFDEvvXxUuTAwMD,História de Amor,Juventude S/A,https://i.scdn.co/image/ab67616d000048519769032cbf67c05cd98013b6
7GudH06VBGvWm14iuYjp1o,Oh Alma Mía - En vivo,Los Voceros de Cristo;Julio Melgar,https://i.scdn.co/image/ab67616d00004851c2edafb180c2b17fe1924a87
1NocSraHhZfASkuG2WdE5r,Pra Me Refazer,Sandy;ANAVITÓRIA,https://i.scdn.co/image/ab67616d000048516a788f357e9a46e03a9e0591
1KIMRoLleFJCwABBrlAOPI,Pra Me Refazer,Sandy;ANAVITÓRIA,https://i.scdn.co/image/ab67616d000048518132a6424d7a7913c4123e4c
16DU79T2PdFSdGf0Z59rr5,La Magia de Tus Ojos,Joss Favela,https://i.scdn.co/image/ab67616d000048514bb83292682c33c889a9eb08
4ukZTbuGOaOhn0npxg2aQS,Braços de Amor,Isadora Pompeo,https://i.scdn.co/image/ab67616d000048516f7af346512eb8a3baafa0be
5w3KawsXxn2btbzyy4oCih,Moreninha Linda,Tinoco,https://i.scdn.co/image/ab67616d00004851f047dcc7ccbd6c99c4c64d9b
3Jbpo2slhW2bbVneiJnC9G,LMLY,Jackson Wang,https://i.scdn.co/image/ab67616d00004851da4910056497c667d6de40cf
7BE3XkHz7d4khG2uJMM0XA,Con Una Copa De Vino,Vicente Fernández,https://i.scdn.co/image/ab67616d00004851c6b1d1c7cdac8b5630df2c43
1PBxQWuUn6RFzsg30gNH0H,Shine On Me,Jai,https://i.scdn.co/image/ab67616d00004851a3441fe0b8a408c254411e80
5ntYN4BQDroMzxfsjadAox,I Can't Breathe,Parker McCollum,https://i.scdn.co/image/ab67616d00004851dafa7c464c09d5bf5fc9c620
1XdZLNP0PC2n5s4A0A3HSD,改變,Zhang Zhen Yue,https://i.scdn.co/image/ab67616d000048514e5e70c8920c21821a7e7efc
1YvRbZlYUFgC6pDXjtpw13,Istimewa,Indigo,https://i.scdn.co/image/ab67616d000048515e2ffa6bc5a8da84101dd49f
2ZtQfCRRMd1ruM4sYIZtH0,Den Ise Entaxi,Nikos Oikonomopoulos,https://i.scdn.co/image/ab67616d000048519c29f2ef1e97610a49836dc5
3XoLP4jgvA3zKuWZqg52DL,כחול ים תיכון,Gazoz,https://i.scdn.co/image/ab67616d00004851d61c4206ce052b1f210bdf91
7kmZOiXJsKTsGuSoxQocEY,Liian Kiltti Mies,Popeda,https://i.scdn.co/image/ab67616d000048511fbde9b1a3805afbc124f1f4
5kVvBhaUm0JfAV7pAWw5kR,San Pedro,Gaia Mesiah,https://i.scdn.co/image/ab67616d00004851ebdc55848c9c73d63a317d06
2kBDH8ZctabXn6t33PViJg,Vol de nuit,Les Rita Mitsouko,https://i.scdn.co/image/ab67616d0000485112a5afee4ffdefdc65cbc441
7hqoKcJgLq0f3MEkq1zH7v,我愛他,丁当,https://i.scdn.co/image/ab67616d00004851fc6bd25261ead19bcd0f1bc6
4eKAdzVgOeKKJAoe9pNPh7,一切很美只因有你,Kelly Chen,https://i.scdn.co/image/ab67616d00004851a332fd464b543f1187f3f7b2
5ympd0p1sdlayiksIkfWeD,Capullito De Rosa,Ramon Ayala Y Sus Bravos Del Norte,https://i.scdn.co/image/ab67616d00004851037f1d0c0afdbe1e68a59b12
4YAYva6o9IesTgwQo52Ocs,הלב שלי עומד להתפוצץ,Yoni Bloch,https://i.scdn.co/image/ab67616d0000485175981cf274d31daa5ec85209
1GW1RZoZ2MQ7CnFtWLrizQ,She Knows Me Too Well (Mono),The Beach Boys,https://i.scdn.co/image/ab67616d00004851850e59c887aec05f031c022d
7CS7bARmUGRcecw4dcF0wh,Estoy Enamorada,Helenita Vargas;Marbelle,https://i.scdn.co/image/ab67616d00004851e8f13ed1a25b82628f71a090
0HZ3OUVrGHxttD2EuHqRm3,The Day You Said Goodnight,Hale,https://i.scdn.co/image/ab67616d00004851e28ce540f68d77ef1914c3e9
2TuNVD5u5iAslHp0moLlTn,Tajdar-E-Haram Coke Studio Season 8,Atif Aslam,https://i.scdn.co/image/ab67616d00004851fb515071c18fd76ca59a5a05
5euB7CZQXxjqe2s2Bb8KWl,Tajdar-E-Haram,Atif Aslam,https://i.scdn.co/image/ab67616d000048519b6cf09b3273076bbf1403d2
74ywUovR60sxpBdwMXpHC5,"Na, na, naaa",No Name;Chinaski,https://i.scdn.co/image/ab67616d000048512c89f08cdb53706b96310777
23gTwiqgNrIRChEDUmfxYL,Avenida Central,Trio Parada Dura,https://i.scdn.co/image/ab67616d0000485147a19ece5685fb1123cbb2c4
