7Fouasv617zTRojaN3Fzqx,Ibhanoyi,Blaq Diamond,https://i.scdn.co/image/ab67616d000048514a84a9efe13f8d889a9052a8
0f2KLgjCGKyMltbv4zpMxb,Ibhanoyi,Blaq Diamond,https://i.scdn.co/image/ab67616d000048510bd5a91095a7aeb5d154e2f2
0gxxQIeTLtnSFCtRKTbuiq,Ton départ,Marc Dupré,https://i.scdn.co/image/ab67616d00004851e3df008fc7c02608b1b94dd7
74zQXNx3Lm9rCVmegDNPeI,Nuestra Historia,Víctor Manuelle,https://i.scdn.co/image/ab67616d000048512f57dfdf1cf12e00da201f0b
1qDyykU8pm1PvvO1mqBX8d,Wada Raha,Arnab Chakraborty;Shreya Ghoshal,https://i.scdn.co/image/ab67616d0000485118463e8c010147732c5ba7ca
1I2KbwfhA7HoevQOVhh91O,El Poderoso de Israel (En Vivo),Miel San Marcos;Marco Barrientos,https://i.scdn.co/image/ab67616d00004851f86a9e7ab4792d1f0df7f664
4JaIsQpl6jyQyVxb2W8gCC,Policía No,RIP,https://i.scdn.co/image/ab67616d0000485164bb679654fd11bcc0139eee
0jFZIzZllYAjq6s3IwWsZz,Introducción,Héctor Lavoe;Willie Colón;Yomo Toro,https://i.scdn.co/image/ab67616d00004851d04abf40e063389536924cfe
1VEu71eUFXxcJqpMZrvwxU,Introducción,Héctor Lavoe;Willie Colón;Yomo Toro,https://i.scdn.co/image/ab67616d0000485113e70f64c34593619e1e9ea3
1YTgT1y6KrramxVlRItIyX,Üç Kalp,Hepsi,https://i.scdn.co/image/ab67616d00004851b386211f14ce4888b0816a82
7qxfKQ5qlcunexI4f0qifa,There'll Be a Hot Time in the Old Town Tonight,Bessie Smith,https://i.scdn.co/image/ab67616d000048512f98faab8c3acc66c283cdee
0ZqnNRGSJ9JntpJeBofTBK,Dulce-I Vinul,Ro-Mania,https://i.scdn.co/image/ab67616d000048511fbecada927af2a698bda24f
3ZYS5vdbvqE09bAlZsmAXr,Ung Tagalog,Kamikazee,https://i.scdn.co/image/ab67616d00004851a89f8feae6a6ebba1b6e6825
05E60GLnBS8eMhcAsIbfpM,Besos de Miel - Remasterizado,Francisco Canaro;Charlo;Ada Falcón,https://i.scdn.co/image/ab67616d00004851b1b919f8a73a7593e7e0d151
4D2Z2CEpt3j5mrtNSOlwSd,Unke Nashe Mein,Sukhwinder Singh;Mika Singh;Anand Raj Anand,https://i.scdn.co/image/ab67616d00004851774c04e2cd93d25304f6f233
76rFX7Y3Hr65YIzLGZRiPv,Situation Vacant - Mono Mix,The Kinks,https://i.scdn.co/image/ab67616d000048510e8ad2c568fb819d76717ca2
7bXMjv5H2E7T0UE0VbeX8N,Humen Maar Chala Yeh Khayal,Anil Biswas,https://i.scdn.co/image/ab67616d00004851513c0932be30bed2675c1434
4lMHkTJe2Kcx4yJXfBaTyj,Cara De Chango,Inspector,https://i.scdn.co/image/ab67616d000048516fcf279d0bd81b2cf34d60cd
3PPrue597mJK4uKSj8FpnT,No Stress,Laurent Wolf,https://i.scdn.co/image/ab67616d00004851bd67f4437b7ca7f52c4c2c22
2IwFxwCDCoNY8xN6hNZI8n,La Dueña Del Swing,Los Hermanos Rosario,https://i.scdn.co/image/ab67616d00004851b1f03326cce4c85cdaae1015
1Sr5Z0pqqEWbNAp2Sos1Dt,Could I Have This Kiss Forever,Enrique Iglesias;Whitney Houston,https://i.scdn.co/image/ab67616d00004851f3dc548292cbf807527b9309
0CSOvTJzLJvHr6FncEXZ58,Borracho Y Escandaloso,El Komander,https://i.scdn.co/image/ab67616d000048510249aa07974bc7a0dcb95e97
46A4bx39GWGQj50pnybabM,Heb ab,Azzi Memo;Capo,https://i.scdn.co/image/ab67616d00004851c0be06f15ae02f76e0a69b7f
3EVZlVUcz9D95pJMQMVVxE,Borracho Y Escandaloso,El Komander,https://i.scdn.co/image/ab67616d00004851d0d64ca56b33bd9b648f6e46
1kFH0OIVrOa5hd6v6oZsIU,Ston potamo ta rouxa mou,Rita Ampatzi;Emmanouil Xrisafakis;Klarino,https://i.scdn.co/image/ab67616d00004851ce505a1af37830d31142a1e9
0cQ4rC6JjeCwBIKXLV9VVY,Hei Hei Kesä,Niilo22;Luikaus,https://i.scdn.co/image/ab67616d00004851d1c8364cab02d988cb5bbc7b
6Vr1CRkG9Gbf98g8U8OQpB,Byla to láska,Lucie Vondrackova;Michal David,https://i.scdn.co/image/ab67616d00004851bd7d8344637e44449012706d
2hLyWkdMjWsudBEvJ5bokV,Solo pienso en ti,Denom,https://i.scdn.co/image/ab67616d00004851d908b5547dc7daa507dae735
1jFp82oOPZiduANixfWNgY,Alt Eller Intet (feat. Gilli),Sleiman;Gilli,https://i.scdn.co/image/ab67616d000048519168033af55d06737b76ac5c
359kHc6Z2ielp9YUpPOgEP,Terrible loco,Tata Barahona,https://i.scdn.co/image/ab67616d000048510f35e37e740fbd5b3566767c
63TrlEfYLzweNL5zS642rX,Любимец твоих Дьяволов,Jah Khalib,https://i.scdn.co/image/ab67616d000048514d3da5fc5ed0b3081301820e
6XKvP9q9B4RGIVmvZ22MwT,Calle la Pantomima,Melendi,https://i.scdn.co/image/ab67616d00004851452c22f3286669ee4037b35e
5rv6SY8fTA7h1sSIcKv33C,Calle la Pantomima,Melendi,https://i.scdn.co/image/ab67616d00004851f3f5de373647d6cc459a3db3
1WRAKXjWmzHyoyGqKonqYc,And Away We Go!,Jackie Gleason,https://i.scdn.co/image/ab67616d000048513c532856a5ca97374956bd4d
4GERduHBPVmh9ECjBtEPA4,A la Mierda,Ska-P,https://i.scdn.co/image/ab67616d00004851fd082c02c7c56459df56ff2a
7HdSVsoGUjJF7jHJGy1WeX,Stjörnuryk,Írafár,https://i.scdn.co/image/ab67616d000048514c4189dd3f87f838a94881dc
6gny3D5FX8hNHlwaixNrY3,Der Lehrer in der Schule,Kern Buam,https://i.scdn.co/image/ab67616d00004851e2ca1a62e9102aeec182f56e
66ekL2hBXsDLZcC8on0hvX,Bolivienne,Niska,https://i.scdn.co/image/ab67616d00004851cb700a741f91834363c00d46
6K8FqSCxIQEF5zuZsxv7rG,Summer,Buffalo Tom,https://i.scdn.co/image/ab67616d00004851293f6aea65f0dfae5c5923a0
0XG3SuYE0cLuwNbJai1oqr,Mere Do Anmol Ratan,Mohammed Aziz;Kavita Krishnamurthy,https://i.scdn.co/image/ab67616d0000485173c5ac7ceac8b986a9a4f712
0LQIxFrBi37040LarEutmL,La la,Jorrdee;BU$HI,https://i.scdn.co/image/ab67616d000048511c951e3f7e86e12d4739f0fc
4Q7JGYZ4eWqPNBHBZzEoEZ,Zeit zu gehn,Böhse Onkelz,https://i.scdn.co/image/ab67616d000048517634ec8f0599c66e26ef0456
6nhb4bgcD2vvj38ovoxXZ0,#tevagya,USNK,https://i.scdn.co/image/ab67616d0000485115c993b7b6ff9b77dbb0582d
0TUW9faHNaBmi89wsYGp9y,Mamichula - con Nicki Nicole,Trueno;Nicki Nicole;Bizarrap;Taiu;TATOOL,https://i.scdn.co/image/ab67616d00004851f4483d4440a89a2cab3b5141
2VweSdPINaXqfGvspM9SOH,Nadie Te Podrá Olvidar,Gera MX;Santa Fe Klan,https://i.scdn.co/image/ab67616d000048519878b4b6c3728196b99626c2
3L8eD2sSuLsdd7MTV54THW,Halay,Ceylan,https://i.scdn.co/image/ab67616d00004851359d7b7b40587d68d3fdf9e1
12805JMUd8vNTMaNqSXz40,Molto calmo,Neffa,https://i.scdn.co/image/ab67616d000048516bbe8cf30da43f4c5ab0fd74
71GAvRsilpo9pqd0vYn8Mo,Mamita,CNCO,https://i.scdn.co/image/ab67616d000048518aa4f3ab66823042785b7f17
2c4YggJQomYXSq4qLXrn4M,Lollipop,MIKA,https://i.scdn.co/image/ab67616d000048512b16992e49be4a199e7dad2c
31EltOuKi4PBBExtTTO00s,Leyla,Tahribad-ı İsyan,https://i.scdn.co/image/ab67616d000048516a8bdc2cdaa1efb756793eee
4M2CfwFqOUD1KBRSoiVozZ,Your Loving Arms,Billie Ray Martin,https://i.scdn.co/image/ab67616d000048516f46f341d17d3dc5ccfbca34
47YIPIGELmd5jnBvcxHXpo,Something Good,Nelson Freitas,https://i.scdn.co/image/ab67616d0000485184082e4525aa98e774ef8e63
30gpEQJPOnAd6DLhLCYQjI,Phobia,Kreator,https://i.scdn.co/image/ab67616d0000485182c0cceaf6be3478a20f7221
4OC2oxqFqUFX7haqSC8q5l,Goodbye Red,Sonny Boy Williamson II,https://i.scdn.co/image/ab67616d00004851229434dede5316613e66a2ba
4631mfG095c6jsRvk3yvKp,Kärlek Vid Sista Ögonkastet,Maskinen,https://i.scdn.co/image/ab67616d000048516e6f8bf26d51894c12612e3e
6RB9YvNyP0RZfCUcMtZELH,Freedom,Pharrell Williams,https://i.scdn.co/image/ab67616d00004851f3e795a11fd55388843b85c9
0SgZORaLiNaP88rKL6MK5Z,That Ain't the Way to Do It - Take 2,B.B. King,https://i.scdn.co/image/ab67616d00004851767eac3187c2ba6be7178e6f
37dBn0wpOaX2RGjTR2iBeI,F250,Appel,https://i.scdn.co/image/ab67616d000048518308d4946f97598dd8ab1309
1jkIYLdEjBfMXqFMo4ufAJ,Jambalaya,Jerry Lee Lewis,https://i.scdn.co/image/ab67616d00004851d3a35e910799b0351b208f3f
6fCbUTaBTPMwTwkdpPxL4M,Tu Y Las Nubes,Celia Cruz;Willie Colón,https://i.scdn.co/image/ab67616d00004851652208dcdcc9b8bbe11d2955
2aPTvyE09vUCRwVvj0I8WK,Sundress,A$AP Rocky,https://i.scdn.co/image/ab67616d000048511ae967e4a02c7a39eb3c189b
2QjkH9q5Mypj6m38u7Ni9o,Dirt,Alice In Chains,https://i.scdn.co/image/ab67616d0000485131ea2c36c5da3979177127b1
3ZLRQgkLV8DjyLQhYCbMn0,Radios,Emmanuel Horvilleur,https://i.scdn.co/image/ab67616d0000485108bb11b410fdbf7d6a0bdd7f
44mLL9ZXW6ZakA3pYNch2j,おしゃれ番長,ORANGE RANGE;Soy Sauce,https://i.scdn.co/image/ab67616d00004851bd07f1a8720a89325e486d1f
2Y5EBZ697lNfBTKvLLfTcq,フュージティヴ,EARTHSHAKER,https://i.scdn.co/image/ab67616d00004851eb51f29f675a92359b8dfc43
1mmhJVY4HgWGIjZdeifCjV,Жестока feat. Невена Цонева - Bizz Kirizz,Slavi Trifonov;Ku-Ku Band;Невена Цонева,https://i.scdn.co/image/ab67616d00004851d2d8d08a8cc1ff168889add8
5nPOM0nFRAJ3XI8xCxNAzO,Guilt Trip,Kanye West,https://i.scdn.co/image/ab67616d000048511dacfbc31cc873d132958af9
1NNnJFLijBtkEDQD9onrZ7,Teini,Maija Vilkkumaa,https://i.scdn.co/image/ab67616d00004851868bffb4e1e144bfdd063ee3
2AWKoEgUtdf21LBM2aXG4g,Акуле плевать,Anacondaz,https://i.scdn.co/image/ab67616d00004851577dd05c17e2a74b532e30b3
48yRazqbGXUfSpGiTPNw0r,Una Calle Nos Separa,Nestor En Bloque,https://i.scdn.co/image/ab67616d00004851400272120ba6e572a4c7bb4f
47ffzQRH0vPMEvFiMIluVJ,אצל הדודה והדוד,Noa Kirel;Agam Buhbut,https://i.scdn.co/image/ab67616d0000485128a7b5f38deeaa9d867af199
3ZWb7fc5YPu3QyZpsFl7NV,Dieguitos y Mafaldas,Joaquín Sabina,https://i.scdn.co/image/ab67616d0000485199c64c4e939b6cc9ba473987
3PdZoFLJLtHOmALhVOF4i1,Dieguitos y Mafaldas,Joaquín Sabina,https://i.scdn.co/image/ab67616d000048519c5dcdd26f8f026ad81b369b
6ay1wKfMAH4jpAzUIxF39f,Četri krasti,Prāta Vētra,https://i.scdn.co/image/ab67616d00004851c6fb5e4aa3c117874bf4db2c
6zqyJY88XTDEDfr3AbHHo0,Četri krasti,Prāta Vētra,https://i.scdn.co/image/ab67616d0000485113861e7bbfdefcc0f4cfd040
1wu0e039v3o7qIhyPx6jJ6,Unde,Carla's Dreams,https://i.scdn.co/image/ab67616d000048518cb919b4f26d3a0d663fd6a0
7nXMmChwx43oXV61cN1zIr,Tuff match,Ulf Lundell,https://i.scdn.co/image/ab67616d00004851bcac0fe0807ef314627b1ab3
35W5MhDNNXGpwzhe85bwzM,17,Mary Gu,https://i.scdn.co/image/ab67616d00004851444b2645949f29cfe7e6ee03
0LtS6Og2QHdkqWWTzaHveB,Unidos,Paralisis Permanente,https://i.scdn.co/image/ab67616d00004851c5a0d7e79d0e8078ef8e779b
0fcnGNa4nSV1d74FQQ1vBq,כמה שאני יפה - 1965,Esther Greenberg;Nira Rabinovich,https://i.scdn.co/image/ab67616d00004851b456849b19c00ff5e61c4d6f
4LkJXlCD9AYjScPywhUjZs,Dynamite,Jamiroquai,https://i.scdn.co/image/ab67616d00004851951fbcfd4b08a3a19f158ab5
6rcsmi7Z4XQM0L5CxxovFx,Follow Me Up to Carlow,The Wolfe Tones,https://i.scdn.co/image/ab67616d00004851d1530d533eb1dd65438c0e3c
0bpsiH7FNdX74qFdzaBdxl,Solo Un Día,Banda MS de Sergio Lizárraga,https://i.scdn.co/image/ab67616d000048512f5dc19c83a4a6934f231cd6
27mrkDzbG5SO4t42cxSu6o,40 Years (Extended Version),City Blues Connection,https://i.scdn.co/image/ab67616d00004851e2ac8c85785c9653263609d4
1SdQRRWEDanG55QtUPuiUn,"Milan, Madrid, Chicago, Paris",Jay-Jay Johanson,https://i.scdn.co/image/ab67616d000048511bb926b9f7aa6c09e32dff41
6I4lJtgByNvXWmKpZN6tb2,"Milan, Madrid, Chicago, Paris",Jay-Jay Johanson,https://i.scdn.co/image/ab67616d000048515b213e9e581cad027a77af1c
6r9tjMWLv8fNdZKKTnqCEr,Follow Me,Muse,https://i.scdn.co/image/ab67616d00004851fc192c54d1823a04ffb6c8c9
6E0e72KGbUH0tf0kZcu6St,My Girl,Otis Redding,https://i.scdn.co/image/ab67616d000048518f2e2804d068b8ed79f15979
0vH5ntApQvaTeTd4rPTOZJ,El hijo del Capitán Trueno,Miguel Bosé,https://i.scdn.co/image/ab67616d00004851af4730f82764b86ac7f7db8a
1XQ5bWOsiUWH4Yf4YW6V7F,El hijo del Capitán Trueno,Miguel Bosé,https://i.scdn.co/image/ab67616d0000485182fe60d43779893d5d6f9de7
6IXzp63q7640KoaDDQCHgy,יותר מדי,Mofa Haarnavot Shel Dr. Kasper,https://i.scdn.co/image/ab67616d0000485116c4acbb143d5f6d327cee3d
4yshHBPp0MoVynV1sMCKV3,Send Me On My Way,Rusted Root,https://i.scdn.co/image/ab67616d0000485126c45c901451c5199606a8eb
35AjS3dxL8M9JUFtiId5QJ,6 Words,Wretch 32,https://i.scdn.co/image/ab67616d0000485102a948065503d41efdcddfb4
3nhvb0j1AQ8gZupJsIe2y6,Cicatrices,Los Kjarkas,https://i.scdn.co/image/ab67616d000048517724327c8c60e21e2a46a265
6GjUwA0UuPrRgtpe3bHwBd,Punk a pláč,Plexis,https://i.scdn.co/image/ab67616d000048511229985b0adcb4eddb37c77f
3ULO7vMqIZ9pWBOosHheJ3,Ме Густа,Galin,https://i.scdn.co/image/ab67616d00004851ae370091c2f7b27aaf4ad182
1EuqwRzn4o4Bd8OEXNcqoF,Mutualité St-Paul,Pepe Kalle,https://i.scdn.co/image/ab67616d000048511af166cb787f372f1b6621cd
6P6o9pPFIYMxxnEhsvgfJA,Yeh Kya Hua,Shreya Ghoshal,https://i.scdn.co/image/ab67616d000048512564dc1c832dbfcb95b2dc13
0wWJiF6PjvStc95c71Hhz6,יש לי חברה,Teapacks;The Adler Trio,https://i.scdn.co/image/ab67616d0000485123507323ccbdfeb6fac23754
2ScBsFEAVQnK50SAmrKVzk,Acechándote,Yaga & Mackie,https://i.scdn.co/image/ab67616d00004851def1c69859648c1b2b0a442e
6cOY9RoMaakpIlWrqHgwgp,Back in N.Y.C. - New Stereo Mix,Genesis,https://i.scdn.co/image/ab67616d0000485102cb21292aeb764d270b85c0
0JiVcMq6pQbgeNGraWVzrM,Más Fuerte,Cielo Torres,https://i.scdn.co/image/ab67616d000048515012af2e110ce4722ce38100
125g2WmqzN5BOPwE7kCQwB,Пидорас - 2019 version,Teo Entertainment,https://i.scdn.co/image/ab67616d0000485124b9f886e88c17bb3c393fa3
4Mcj3d6S4DUJKdDUpM7sN4,Ganapatham,Ghantasala,https://i.scdn.co/image/ab67616d000048516124154f1aa252e641e6e059
3pQHppwplMwo4yQrXNP5cD,Pienet mainosvalot,Klamydia,https://i.scdn.co/image/ab67616d000048510d0fc2c6aa83e84bec89147a
6ls7IYHwYxoO4AaNUJKPp4,Flower (feat. Papito),Xabski;Papito,https://i.scdn.co/image/ab67616d00004851585d8bad6d7eeaa4868eb940
05ApNVIBssPKqyyKiydA6D,Plastic,Viktor Sheen,https://i.scdn.co/image/ab67616d000048518defd5ac9f64ecd0f593f188
4xQUI60vxbZoJpzltRcqtu,Ezberleri Bozalım,Tan Taşçı;Rubato,https://i.scdn.co/image/ab67616d00004851883e058a268dfecb1f54331d
0fJAtb6cVePu2tcnSjb4zk,Günah Sevap,Aynur Aydın,https://i.scdn.co/image/ab67616d000048517146149ff670296d3bbde5d4
6j1LrEweSMqWfeyuWAUXDD,Vodka cerise,Naps,https://i.scdn.co/image/ab67616d000048511e19cc548fdc2c55d068d713
38XU6mBWpAreQm8veBqB93,Jag kommer,Veronica Maggio,https://i.scdn.co/image/ab67616d00004851ee096fa84b96a033df9ed281
77fnwiIbXuAxbuws4zCrk1,40 Years (Radio Version),City Blues Connection,https://i.scdn.co/image/ab67616d00004851e2ac8c85785c9653263609d4
1LSZEJa6SYKm6lh0mpmHyj,Tout le monde veut des lovés,Lacrim,https://i.scdn.co/image/ab67616d0000485169db794590452e2c288677fd
7xKClu9eXfGSZuOYbvJRAB,Creer,Van Mozart,https://i.scdn.co/image/ab67616d00004851cb53614bafcf887b60fbae24
1VU9K2C9XoLrjolnL2CWYT,"December 1963 (Oh, What a Night) (feat. Tituss Burgess)","Daniel Reichard, Ensemble feat. Tituss Burgess",https://i.scdn.co/image/ab67616d000048517a89fa77ce3e20733796502c
3zIPMroynstsG0KYaawmNs,Welcome To The Club - DJ Gollum Radio Edit,Manian;DJ Gollum,https://i.scdn.co/image/ab67616d000048513b9f33833e6d5261b5a303d2
1mJ5w7HTG848lzfEtfcqvp,Geçmez Yara,Funda Arar,https://i.scdn.co/image/ab67616d000048515d95cfb7515feb5443979ce2
3mRlFZHUyvJbPTlkzg4LyJ,Roses,SAINt JHN,https://i.scdn.co/image/ab67616d00004851148e1f0715c7e9c1034d722c
49mxNPIdeEAqJTcQBK6XGZ,Oruvan Manadhu,T. M. Soundararajan,https://i.scdn.co/image/ab67616d000048519a22282d96ec0fbcfdcf6b95
41wtwzCZkXwpnakmwJ239F,Si Veo a Tu Mamá,Bad Bunny,https://i.scdn.co/image/ab67616d00004851548f7ec52da7313de0c5e4a0
2WXJVDiKw656YFWHeyAoOb,Lusikat,ABREU,https://i.scdn.co/image/ab67616d0000485154196f63df39c2e5be154169
4HkWQswR53ihJvZM5VYi1S,Ayer... Tal Vez,Verde 70,https://i.scdn.co/image/ab67616d00004851b33ed522b1861a7d7644f32e
1LPTindVZ0BXVmfZrmNw3D,Беги за солнцем,Aria,https://i.scdn.co/image/ab67616d000048511759de00dfdce6182b45f0e9
17tP4cgZZ6h2rYfNXVyknA,Oruvan Manadhu,T. M. Soundararajan,https://i.scdn.co/image/ab67616d00004851b99f450fc656ec8335a8702a
6gFHChN4ZbKzxThzHjLWuE,すべりだい,Sheena Ringo,https://i.scdn.co/image/ab67616d00004851c4d002952f2443ddb4dfa30e
5J1lYIDv2v8XKbVD7bITK0,Fått deg på hjernen,eMMa,https://i.scdn.co/image/ab67616d000048511f783db6e29296c0741dfd60
3nMPlw2fMXGpbNSwZS7BBd,Waed Menni,Rahma Riad,https://i.scdn.co/image/ab67616d00004851bbf4bd0f3949836ec0760ad6
7aN5Dd1mTrZei6Tt6ZhzI2,Brand New Cadillac,The Clash,https://i.scdn.co/image/ab67616d000048516e49cf8fd2505d4dc5368403
7kTDTw5oX657IHsmkXvnjJ,Chak De,Jatin-Lalit;Sonu Nigam;Sadhana Sargam;Prasoon Joshi,https://i.scdn.co/image/ab67616d00004851ecb143ba6650682889c07b73
3QICcjYHXUZmMTecEMmaZu,Bouteille Sur Bouteille,Massilia Sound System,https://i.scdn.co/image/ab67616d000048518933ce45d16385703054bd5c
0qHDjON81iGHr8WK678uVG,Que Sera - Canción,Los Olimareños,https://i.scdn.co/image/ab67616d0000485113718125f12be68b152dc40c
2UDMeklpmOfq8L6wI75ysa,Buena,Manuel Medrano,https://i.scdn.co/image/ab67616d00004851ebc076c70b9dcd28618dcb37
3EyfjHy0WQLG0sS6Glex90,Sopa De Letrinhas,Engenheiros Do Hawaii,https://i.scdn.co/image/ab67616d000048512f1e1fff96899d9181def62e
0ZDG165GIA15KKs80SJYxu,Le Canzoni,Jovanotti,https://i.scdn.co/image/ab67616d000048519b21b645699e2d1e56dcb4f2
0QJkLkosMCT1pZAPqA36YR,Nothing Can Compare,Agnes,https://i.scdn.co/image/ab67616d00004851ed640b1d2565b67ef333ee0c
1HPJOoIVdUPuaebxzMrVaD,Words - Original Version 1983,F.R. David,https://i.scdn.co/image/ab67616d00004851a58e764b8e4ecbdbbab56783
5YomsvraXBiwwDA5tFR085,Giv Lys Igen,Aksglæde,https://i.scdn.co/image/ab67616d0000485187feb3c9bce10a96154d4bc5
7I1fvnqfxVPeS5j1cylbCT,"Oh, Marie",Louis Prima;Keely Smith;Sam Butera & The Witnesses,https://i.scdn.co/image/ab67616d000048512ad545d5e334210c993c5648
2cYVKVMiWzJM0lGxBQDjOC,Rup Topurile,Tzanca Uraganu,https://i.scdn.co/image/ab67616d000048516391118979cdcd88d258e8be
1Bts7SCDa2CAcCU7CVcFhW,Хайвера,SkandaU,https://i.scdn.co/image/ab67616d0000485140fe4f45ddd0b5bd29abc9ca
29PDeKHTetRJY1fp8ZBGYU,Sugaree,Jerry Garcia,https://i.scdn.co/image/ab67616d00004851eb14dbc0a349bd4eeaa03aae
1dWcHpvDLWBIIojh1qq4s4,ตาตี๋,Carabao;Center Stage,https://i.scdn.co/image/ab67616d0000485187a6b563e20dfd5daf8f65b2
1m4imw53rdlw3Z2d4D59j0,Resah Dan Gelisah,Hemi Pesulima;Helmi Pesulima,https://i.scdn.co/image/ab67616d00004851e822b35be2d97f9630b2fb9e
40DQ91LALgjBAhVOgLK6pa,Vida de Estrada,Diabo Na Cruz,https://i.scdn.co/image/ab67616d0000485185eb9d93c2ac4aa00581a47a
6dEDYqMslfkSp4vErtGJF8,Apágalas,Leño,https://i.scdn.co/image/ab67616d000048517474f9e2df176d2e1c9137b1
0czoaFfypZXBAC9x5Hq8bV,El Campanero,Aniceto Molina Y Sus Sabaneros,https://i.scdn.co/image/ab67616d00004851e01a2edc12b955abc01982a3
7MkuWKanP8aq1CeTMZPauC,Jugaste Conmigo,Tru La La,https://i.scdn.co/image/ab67616d00004851d39e2accfdf7fbb51439f6f7
5ZxqiZhS12Xi5mXu5XduPg,"Mi Cumpleaños (Remix) [feat. Watussi, Og Black & El Alfa]",Jowell & Randy;Watussi;O.G. Black;El Alfa,https://i.scdn.co/image/ab67616d000048511af2500a08fadbacb83231f7
160gAhKZb7sGKlLwUUk8IX,La Reina Del Sur,Los Tigres Del Norte,https://i.scdn.co/image/ab67616d00004851198473892cba5abba17b8151
5B3k82YvqqcuZUnNK1SNRu,Viejo Farol,Caballero Gaucho,https://i.scdn.co/image/ab67616d000048518d12966ae0c4280141e550e9
03XgizfW9XLiRccI2pxcWa,Prison Bound,Social Distortion,https://i.scdn.co/image/ab67616d0000485100d191f74bde723017d7af8b
3MkAzk412HhauzbogwzBUO,Reality,R. Kelly,https://i.scdn.co/image/ab67616d000048511a81e3abee4b067492baaf44
1iG7DHpGTpcPyQdmS2pBcX,1.00 Am - Remix,Harry Nach;Shita;Shielo;Mati Drugs,https://i.scdn.co/image/ab67616d00004851084a9647b4d68b3373e2820d
6so3S5seC3pH1Rt78ICIYX,לייגל אייז,Hadag Nahash,https://i.scdn.co/image/ab67616d00004851744527f72472d3e0bc445110
2MvRMWU2ILRcFEU8WWbuP8,Death On Two Legs (Dedicated To...) - Remastered 2011,Queen,https://i.scdn.co/image/ab67616d00004851733cfd7114c704785e4f8da0
1cN13ivH3D66m9DoW2Z7iU,Death On Two Legs (Dedicated To...) - Remastered 2011,Queen,https://i.scdn.co/image/ab67616d00004851e319baafd16e84f0408af2a0
5pFEe4Fbquy4aOM5AcBvxE,Maria Tomasa,Orquesta Santa Cecilia,https://i.scdn.co/image/ab67616d00004851ca951ff116fd845aaf647826
5XnnoMRrrAYfwrJbJi8Dxs,Day 'N' Nite (Nightmare),Kid Cudi,https://i.scdn.co/image/ab67616d00004851a07a99c5d37d3c1da90dd07a
7ar71Hx5jsYtGAKSbL4V1J,Amor De Nadie,Los Rehenes,https://i.scdn.co/image/ab67616d00004851ec49e7ecd46eea85bbe516bb
6gUbYW6AUnjZ35OYuxmdJl,Aladin,Spider,https://i.scdn.co/image/ab67616d00004851084ca9c5bfbabb795343e4a2
073UCDYUakF2pUaT12frDb,Casser la voix,Patrick Bruel,https://i.scdn.co/image/ab67616d000048518e576ee83d4ecb515b16373a
4RBXshVW8KbLPri1Tf00A8,เขาไปแล้ว (feat. อาม ชุติมา),Wonderframe;อาม ชุติมา,https://i.scdn.co/image/ab67616d00004851b1ecb574c53a8dfde4b49d25
3iVOFoZX8f0KNaVxdWrYPJ,La madrugada,Mariachi Vargas De Tecalitlan,https://i.scdn.co/image/ab67616d00004851943d2ffefb29baaa9844c1fc
2PEo8JQ48mfEv8a2HLqDvt,"Nadiyon Paar (Let the Music Play Again) (From ""Roohi"")",Sachin-Jigar;Rashmeet Kaur;Shamur;IP Singh,https://i.scdn.co/image/ab67616d00004851ffc13e3ca95b0ed67e320082
2eNFG8SzeoBZYCwphwLpBJ,Your Love - Single Mix,Pulsedriver;Topmodelz,https://i.scdn.co/image/ab67616d00004851d2a73b2b200cf70e5661449d
6xI4ophEpnCCoGCoerpTO1,Your Love,Topmodelz,https://i.scdn.co/image/ab67616d000048516ca300adc6c8449343f7b30e
5KEulANdnZw4H2v4CPDie0,Timidez,Biquini Cavadão,https://i.scdn.co/image/ab67616d0000485107d104605c7f4d02515c655d
2S3PNhj2ic2LhUXtUq25Lw,Hun Er Forelska I Lærer'n,The Kids,https://i.scdn.co/image/ab67616d000048517aa1d1a910f8dc91ec035adc
4SEsnHmcJpsUmVZ3kzRMbS,We Got the Right,Helloween,https://i.scdn.co/image/ab67616d000048513ab4dc4b31ad6870b455ac80
1MBjP3xkcWJfBG6oVEuFWA,Девчонка с центра,Butyrka,https://i.scdn.co/image/ab67616d000048510a058c3c3ade567836f1fcc9
3uaen6U7JJym3lAVZlKit8,Una Estrella Chiquitita,Camaron De La Isla,https://i.scdn.co/image/ab67616d00004851a746ec5cd76bbecae6d6487f
4g4ADSXkHyVxI7GUKy403Y,Nadie Sabe,Estopa,https://i.scdn.co/image/ab67616d0000485103f87525ad9068b3a730ecb8
60PAzFNW3vAiAiVK6DRJfB,Day 'N' Nite (Nightmare),Kid Cudi,https://i.scdn.co/image/ab67616d00004851713f297a7bdc1d48971062b2
0lpstj9UL93vkYycP07ehZ,Day 'N' Nite (Nightmare),Kid Cudi,https://i.scdn.co/image/ab67616d0000485179f39680d0a747ccd91520ec
4PRB8Cs2ONx4VcVv0rFSwj,Baby Come On Over,Samantha Mumba,https://i.scdn.co/image/ab67616d0000485114603716dc56e031b7a6bdef
2zh454NeaEObpIGQyMjGwW,Amigos De Los Amigos,El Palomo Y El Gorrion,https://i.scdn.co/image/ab67616d0000485107a91b99a266cae9b94a1bb6
1Z6BrQNVofbUP67KpnaMPi,Pardon,Johnny Hallyday,https://i.scdn.co/image/ab67616d00004851e54b93e1c6782524e35f1a32
2lW5yKm8tZxLTleYMkyAft,Pensamiento y Palabra,Víctor Manuelle,https://i.scdn.co/image/ab67616d00004851005cb956f08f5476007d5d85
5ktD7hZfEn3s0xW9tgRhf1,Anoche No Dormí,A.B. Quintanilla III;Kumbia All Starz,https://i.scdn.co/image/ab67616d00004851b6f7a1d1a761937d5332eabb
6PUIzlqotEmPuBfjbwYWOB,Summertime Sadness (Lana Del Rey Vs. Cedric Gervais) - Cedric Gervais Remix,Lana Del Rey;Cedric Gervais,https://i.scdn.co/image/ab67616d00004851f8cdf8e85bc179a475d581ba
7MYX0Vu0uMjVLCiy804sdX,Summertime Sadness (Lana Del Rey Vs. Cedric Gervais) - Cedric Gervais Remix,Lana Del Rey;Cedric Gervais,https://i.scdn.co/image/ab67616d00004851646dad66629e45c839341886
3AeSHdDrSkDpW6o6JaUo9S,Summertime Sadness (Lana Del Rey Vs. Cedric Gervais) - Cedric Gervais Remix,Lana Del Rey;Cedric Gervais,https://i.scdn.co/image/ab67616d00004851dabba809e2bf1743b166cfe4
68rxBWNdFB5pgsNGBc0tkM,Tövbe,Selami Şahin,https://i.scdn.co/image/ab67616d00004851201b165a3039c0e69d2cd972
3NBDgwEAGMj0aKRsU8zoO9,Rivers,Thomas Jack,https://i.scdn.co/image/ab67616d0000485185173842f7a1d47dbc07e589
7dOT4dktIlGezxS71LpjP4,Ezop A Brabenec,Jan Werich,https://i.scdn.co/image/ab67616d000048518c438159b96a47b3a52b5202
0FpwNEP4wq4iFN3W2M5HaH,Calzones De Bolitas,Banda Zarape,https://i.scdn.co/image/ab67616d0000485149f568f36cf5130e882369ab
44UdT2HOwEOswcnPA0w6dv,Chal Chal,Ranjith Govind,https://i.scdn.co/image/ab67616d000048516af522a7550a3b24e4c38bcd
2BEUGCeN9FBV3pA06fjLu4,Dormir Soñando,El Gran Silencio,https://i.scdn.co/image/ab67616d000048514eccb96956c4676e4057183e
4zT9tZWbV5OVvcD7JQqGTu,Battua,Bhupinder Gill;Miss Neelam,https://i.scdn.co/image/ab67616d000048513f574b049dc0a456cd012d37
2pAm0eho3UtxAK1bsRuOK7,In The Heat Of The Morning,The Last Shadow Puppets;Alex Turner;Miles Kane,https://i.scdn.co/image/ab67616d00004851f79c62c90bafbacdd24e88d7
5FEXPoPnzueFJQCPRIrC3c,Day 'N' Nite (nightmare),Kid Cudi,https://i.scdn.co/image/ab67616d00004851aab2c3c3f1f3207137d915c9
40u2m3nD6Aj7PKsycn0k1K,Nu Pot Să Uit,N&D,https://i.scdn.co/image/ab67616d00004851a3265febd9d9bf6669594fa7
1NrKLroOjLcSXtlq8twPrc,"Te He Querido, Te He Llorado",Ivy Queen,https://i.scdn.co/image/ab67616d000048516c565aca653a5410ad2a26fb
6TLHo63Z3wqHkW6adVeEwZ,Plaqtudum,Recayd Mob;Derek;Dfideliz;Jé Santiago,https://i.scdn.co/image/ab67616d00004851eccaa4b4b5e280e8504d79fd
5w9PMrIIvq7SX1cgj4ae31,"Det Var Inga, Katinka Og Smukke Charley På Sin Harley",Gasolin',https://i.scdn.co/image/ab67616d000048512588327185536d5f71e99e24
42KjSGC2rITrf3aPGPvdmm,High Road Easy,Sass Jordan,https://i.scdn.co/image/ab67616d000048516e18dbb802840ec11fd29175
6Yvh8kAb95e5On64Mj0gdw,C'est la vie,Collectif Métissé,https://i.scdn.co/image/ab67616d000048511b2fab7e25e89fca41fc3a4c
5N4yS8thtTE2TgcyPvxSDR,Uslanmadım,Levent Yüksel,https://i.scdn.co/image/ab67616d0000485136913b98b3045aac99955e6d
2OZaiL5jjWIlskyntu0o22,Banicja,Bisz,https://i.scdn.co/image/ab67616d0000485160b4d88ee8d99c20a73e3966
0VutyLEoI1f7HzWLQ9LF4Y,Dollar Bill,Screaming Trees,https://i.scdn.co/image/ab67616d000048510dfb2d8dd185b3d008a2106e
48AzWA59anYH1bUH2Xc9o8,La Nonna Di Frederick Lo Portava Al Mare,Quintorigo,https://i.scdn.co/image/ab67616d0000485153ba5461c8550e7a01ae3764
5wfllwdjglyQislkskYLBv,Day 'N' Nite (nightmare),Kid Cudi,https://i.scdn.co/image/ab67616d00004851a487deeecb334b6619489d74
7jJF1FhTAZmQWCZrfr9zmt,Vain ajan hiekkaa,Maarit Peltoniemi,https://i.scdn.co/image/ab67616d000048515b023413596686ad2ffa2207
650SpxZRz0PIBP0cX4MAWE,Money Talks,Rick James,https://i.scdn.co/image/ab67616d000048518659bfeec423bd49dfa6e777
6dDHqJjTWOmWaAutbEpiwT,Şanıma İnanma,Sezen Aksu,https://i.scdn.co/image/ab67616d000048518088410769434e7e0b64ac05
5AbKCV5juCfKmQtdR0zEoN,手紙 ~現在~,Ketsumeishi,https://i.scdn.co/image/ab67616d00004851f0c12e63ce62b03ccf8bc646
52uMl8FjYKFi9kS5rgEkX3,Личната,F.O.;Peeva,https://i.scdn.co/image/ab67616d00004851fad56f99caf24042ec917547
7D7Bybu5pvVQSmPPU5CVr1,Is It Because I'm Black ?,Tiken Jah Fakoly;Ken Boothe,https://i.scdn.co/image/ab67616d000048515db7d397760a55ea5f383d97
6u6mbuhwxltsS6Qtfrok1t,Mää Ja Tapparan Mies (Tomahawk Kid),Popeda,https://i.scdn.co/image/ab67616d00004851ec612c4b79c530a52a525af4
03hUjXfWyepgPxWfBsrG0r,May Today Become the Day,Sentenced,https://i.scdn.co/image/ab67616d00004851c8aa97be715ecee35b059651
7vFwRtsaWTpnVmlieF1tOQ,Crossfire,Deety,https://i.scdn.co/image/ab67616d000048519e98f88b00eb6762fd1bc38e
313w3YmIPrxKyXCWMBYWCe,Fotografija,Dino Merlin,https://i.scdn.co/image/ab67616d000048512d5f894b7391291ed7d03400
1axClPg8lUUj8CdYUqE2su,Inocente Pobre Amiga,Lupita D'Alessio,https://i.scdn.co/image/ab67616d00004851fec30814ac21c30502d989b5
5uAymQvhguG3YRrO32cLqJ,Crache ton venin - Remasterisé en 2015,Téléphone,https://i.scdn.co/image/ab67616d00004851f02c44e61a7454782f524dd1
6lWXoaExAmyZCZDx1Pkk4Y,眠れない夜,Shigeru Izumiya,https://i.scdn.co/image/ab67616d00004851e8cdaee40117950498269189
08KwNr3wIRWKm7KuW6yjj5,Harika,Ozan Doğulu;Ajda Pekkan;Kenan Doğulu,https://i.scdn.co/image/ab67616d000048511fc3cc1970f47a0f2d342f62
2NcnRXvKMhilK3CSXm325p,Sunglasses at Night,Corey Hart,https://i.scdn.co/image/ab67616d00004851686b6c124e7ce3feb5ac3dea
2Mu0l4ROJ3D3epZuC3SWD4,Pissed Punks (Go for It),Peter and the Test Tube Babies,https://i.scdn.co/image/ab67616d000048516e6f9df6bc3b66993d1cbb8c
0Fp5Zs2KZwiuvA58kz5kYg,La Calle Adicción,La Vela Puerca,https://i.scdn.co/image/ab67616d000048517d0cbfb91e24f87007bdf2d1
6lT26Dq7aEwOjXTZzkBjSO,Black & Gold - Radio Edit,Sam Sparro,https://i.scdn.co/image/ab67616d000048516ad262a19c9ef5dd2c329de2
7ACeYtU0Q7Nzt5c8DvAdji,I love you,HIM,https://i.scdn.co/image/ab67616d00004851f7046d79c721fcb949d18fbd
20hUYstJd5W51Axlacpmqq,Man Nepatinka,senjasa,https://i.scdn.co/image/ab67616d00004851ab308711f7d3d4483e3d25e2
6UOOXCqQV3WKIIGYEuOow6,Wicked game,HIM,https://i.scdn.co/image/ab67616d00004851f7046d79c721fcb949d18fbd
4PT9YV0uXhsXiQWR9CgdLe,Down Low Double Life,R. Kelly,https://i.scdn.co/image/ab67616d000048511a81e3abee4b067492baaf44
2sl3cuvBbQhM95mwW6leHg,Ven a Ver,DELLAFUENTE;Morad,https://i.scdn.co/image/ab67616d000048513aae03804dbcd266bb032ed0
5JVzH0kM7EIheo641q91kd,Syyllisyys,YUP,https://i.scdn.co/image/ab67616d0000485161c35d57119efb7a42e05682
2lFMguSjUkxpQXz70rEMXX,Hace Mucho Tiempo,Arcangel,https://i.scdn.co/image/ab67616d00004851d49ca1d3f2004c98a16c7e40
61HuVAedKGMO7jWl8ZyALQ,"Te He Querido, Te He Llorado",Ivy Queen,https://i.scdn.co/image/ab67616d000048514e05c993d1647c4169b26e1e
2PAUsCMYNVfyw6imxFA71H,My Boo - LP Radio Edit,Ghost Town DJs,https://i.scdn.co/image/ab67616d0000485139b10196588aec2376a31cee
7ua5ORSWsf8JOrcX6SJ9Ub,Vandaan,Lil Kleine;Ronnie Flex,https://i.scdn.co/image/ab67616d000048518d30694491e182ea7e38f517
78uCInLGFOQxBMB5F1fOZU,Playback,Carlos Paião,https://i.scdn.co/image/ab67616d00004851e1a126853326779f7801bf74
5p6sOMJAAYK90DbEbKZhKT,Playback,Carlos Paião,https://i.scdn.co/image/ab67616d00004851f70f358dc51932d09088b21b
2WW3L77r9LuqeAZTh597oQ,Konijneneten,Bart Peeters,https://i.scdn.co/image/ab67616d0000485197ebff124fa4a9b07441738d
2OPCshYSrLpSrX5laITiAU,מכור,Eviatar Banai;תמיר מוסקט,https://i.scdn.co/image/ab67616d0000485100b489b1a75b34e81d26e6cf
0UuA3sgP6Qftl7nzfnOFoa,你也有今天,Jolin Tsai,https://i.scdn.co/image/ab67616d000048513e8b6c2b3bb66c1e68f9256d
1qWnsCzx32TUuNR3tGsvZu,Mighty 44 - Radio Edit,Mighty 44,https://i.scdn.co/image/ab67616d00004851a0bd149c6e17ea3d0a344206
3sB6LU611lWvG7GbsX8QCP,Luci,Palmera,https://i.scdn.co/image/ab67616d00004851a8fa1ffe2b4c8cf0ef6aecf9
5wEg5O6wWFQGB60NmLeOlv,Aucune limite,Landy,https://i.scdn.co/image/ab67616d00004851d463d9790757ef03fb947a22
3htVOUt4zoFthJhqtJMGTo,Blue Suede Shoes - Remastered,Elvis Presley,https://i.scdn.co/image/ab67616d000048518194c9102e2703a6620d3c95
39ZJI8wq909bcYdlJaRXqw,El Potro Lobo Gateado,Vicente Fernández,https://i.scdn.co/image/ab67616d00004851964ac94e880ebbf7645e5e72
6DAXEQKVisnWtXVlmyivct,La Loma Del Tamarindo,El Gran Combo De Puerto Rico;Gilberto Santa Rosa;Andy Montañez;Pellin Rodriguez,https://i.scdn.co/image/ab67616d00004851c4d18681a5bf4cc5b9de040a
5mO0Hmhqeg8MNcpLeooR9m,พระอภัยมุณี,Carabao,https://i.scdn.co/image/ab67616d00004851f5a6b8af16f14c1094f630bf
2CNjmOoJwjVpau6If2gKFW,In The Sand,Anouk,https://i.scdn.co/image/ab67616d00004851f96da26858629a404e948a7c
0a6ogDrZBvYgDjILgsQVaJ,Hace Mucho Tiempo,Arcangel,https://i.scdn.co/image/ab67616d0000485169f943d4d094f77b42e5aadf
4nA78KlQgUYHtz1daXPv1C,Love Ain't No Stranger - US Mix; 2019 Remaster,Whitesnake,https://i.scdn.co/image/ab67616d0000485160f089bbe2bb7656f5d816ae
2kSHl30pSXR1JSEYsTJOx7,Centre of Eternity,Ozzy Osbourne,https://i.scdn.co/image/ab67616d00004851813b607b3b7e094c306af4fd
6qDoFCpj5glW19PoS5Ry4y,Emociones Tantas,Pureza Natural,https://i.scdn.co/image/ab67616d000048514c2f3396d95e76300fd82780
1JAnC4VkVIbO7C6Vislnue,Lollipop,MIKA,https://i.scdn.co/image/ab67616d000048519b9a3105ad4ffb91ad2e2798
6Mwm5oX2D9n7nWbCEb2g3k,Ponnalae Aadaekatti,Vithya,https://i.scdn.co/image/ab67616d0000485133f5117b889f090f08fcc5a5
6VkO0kotjKEImWZo5kx0KW,Al de la Silla de Ruedas,Agustin Rodríguez,https://i.scdn.co/image/ab67616d00004851b52c8922d4955e1b3f7d6a58
6RHoaiy0ybZtt8STSr5IOU,Den lille løgn,Sanne Salomonsen,https://i.scdn.co/image/ab67616d00004851e3b5f6c1fe6258da31092247
4hT7BPLIAsZ2rLkG9CpKrH,На лету,V $ X V PRiNCE,https://i.scdn.co/image/ab67616d00004851f4666484024dee3c0cf4f549
5SGm0Q5Wur9mhpXnbzaPjG,Tetris,Pinguini Tattici Nucleari,https://i.scdn.co/image/ab67616d000048515b3cb5aa936655424de11fa2
1OWRCOAqVhnUHANu4gUU2J,Giv Lys Igen,Aksglæde,https://i.scdn.co/image/ab67616d000048514926c1b52d8d78a0d1e7c3a2
2LgORYfsFTVgV8fsaEvJ7S,Mencari Konklusi,Hujan,https://i.scdn.co/image/ab67616d00004851685fb77458e4dc69843813f6
77pKi1ER1bkfatYjEyfRo7,50 Pengo,Matyi Es A Hegedus,https://i.scdn.co/image/ab67616d000048518ac81e74347182871ece93e9
6ANs9zKBz41JAXYN8gEh4X,Ostatni Most,Lanberry,https://i.scdn.co/image/ab67616d000048519188d69870d6026c7f6682d3
5MFxCgdX3CUqpyb58PNw7Q,Grannar,Just D,https://i.scdn.co/image/ab67616d00004851572b67e36cf18f479e959f0d
1th3PrxWqMrDJeCxHL6gH1,The Love Me Or Die,C.W. Stoneking,https://i.scdn.co/image/ab67616d0000485122ef4c64271f69fe732dc1ea
06lBLckZEfLrqBxzM1gc3o,STROBOLIGHTS,Supercar,https://i.scdn.co/image/ab67616d0000485146db2aba8e3df0148d2c3df7
2c6cGtutYca3diZCBsGnOF,Fred,Bo Evers,https://i.scdn.co/image/ab67616d00004851e6dec88405ca238dcd0ca8d6
6gOOd1LEhfEUFVvsihVV0f,WAS GEHT DICH DAS AN,Chapo102;102 Boyz,https://i.scdn.co/image/ab67616d00004851e236619d1054db8f6e092221
0P8TCqG9wsZPUnvxqLNZ5k,OMG Daddy - Telugu,Roll Rida;Rahul Nambiar;Lady Kash;Rahul Sipligunj;Blazee;Thaman S,https://i.scdn.co/image/ab67616d000048510061ab65b764c4a6db1bb9de
5LBIKCZ2knn3xzoWmKVDaD,Hagame el Cambio - Remasterizado,Francisco Canaro;Charlo,https://i.scdn.co/image/ab67616d00004851b1b919f8a73a7593e7e0d151
39WOw8S49pVYNPnu5uAzHP,Amigos,Alex Campos,https://i.scdn.co/image/ab67616d0000485138c06bc918a653efb9b79114
5lHouRxZwVZ6g0rov8gMYT,Jahaan Tum Ho,Shrey Singhal,https://i.scdn.co/image/ab67616d00004851c928eefe755be8c8b46ad36b
3DQ3NHLmaqS0WXgogwUo4z,Sweet Love,Renee Geyer Band,https://i.scdn.co/image/ab67616d000048519fac0051b5d92ac00a019b13
7p7cexYUuJIOehfUA5zPSe,Itabaiana,Cátia de França,https://i.scdn.co/image/ab67616d000048512e96a5d77c3c50c7512a5f79
1aW7z2hKC12IEQkjk1cTfI,Vargtimmen,Hedningarna,https://i.scdn.co/image/ab67616d00004851d293b468fa859bd82bad9903
1ido9zqsoceZGkleONtYHg,Ако има рай,Grafa,https://i.scdn.co/image/ab67616d00004851cabb1f77d30a973f87861c32
5DxaYDPnKPnWIvHbwydtob,I Don't Dance,Sunrise Avenue,https://i.scdn.co/image/ab67616d000048517b53ade0692be859f28d2c0b
3R2FxfQsTs5Ei2twCe339s,I'm In Here,Sia,https://i.scdn.co/image/ab67616d00004851b0800f5459969cb9c086254b
688QpQAwqsLdBR6lr13wK1,Same Bitches (feat. G-Eazy & YG),Post Malone;G-Eazy;YG,https://i.scdn.co/image/ab67616d00004851b1c4b76e23414c9f20242268
0EEqwwYnJhJ8t4SfPgpZQ1,揮之不去,Fan Yi Chen,https://i.scdn.co/image/ab67616d00004851b71dd85d5d596fd8f80f2435
